-- MySQL dump 10.13  Distrib 8.0.31, for macos12 (x86_64)
--
-- Host: us-cdbr-east-06.cleardb.net    Database: heroku_d41916e4c029680
-- ------------------------------------------------------
-- Server version	5.6.50-log

/*!40101 SET @OLD_CHARACTER_SET_CLIENT=@@CHARACTER_SET_CLIENT */;
/*!40101 SET @OLD_CHARACTER_SET_RESULTS=@@CHARACTER_SET_RESULTS */;
/*!40101 SET @OLD_COLLATION_CONNECTION=@@COLLATION_CONNECTION */;
/*!50503 SET NAMES utf8 */;
/*!40103 SET @OLD_TIME_ZONE=@@TIME_ZONE */;
/*!40103 SET TIME_ZONE='+00:00' */;
/*!40014 SET @OLD_UNIQUE_CHECKS=@@UNIQUE_CHECKS, UNIQUE_CHECKS=0 */;
/*!40014 SET @OLD_FOREIGN_KEY_CHECKS=@@FOREIGN_KEY_CHECKS, FOREIGN_KEY_CHECKS=0 */;
/*!40101 SET @OLD_SQL_MODE=@@SQL_MODE, SQL_MODE='NO_AUTO_VALUE_ON_ZERO' */;
/*!40111 SET @OLD_SQL_NOTES=@@SQL_NOTES, SQL_NOTES=0 */;

--
-- Table structure for table `categories`
--

DROP TABLE IF EXISTS `categories`;
/*!40101 SET @saved_cs_client     = @@character_set_client */;
/*!50503 SET character_set_client = utf8mb4 */;
CREATE TABLE `categories` (
  `catID` int(11) NOT NULL AUTO_INCREMENT,
  `catName` varchar(100) DEFAULT NULL,
  `fieldID` int(11) DEFAULT NULL,
  `course_num` int(11) DEFAULT NULL,
  `hidden` tinyint(4) DEFAULT '0',
  PRIMARY KEY (`catID`)
) ENGINE=InnoDB AUTO_INCREMENT=8 DEFAULT CHARSET=utf8mb4;
/*!40101 SET character_set_client = @saved_cs_client */;

--
-- Dumping data for table `categories`
--

LOCK TABLES `categories` WRITE;
/*!40000 ALTER TABLE `categories` DISABLE KEYS */;
INSERT INTO `categories` VALUES (1,'Web Development',1,1,0),(2,'Mobile Development',1,0,0),(3,'Management',2,0,1),(4,'Sales',2,0,1),(5,'Web Design',3,0,0),(6,'Game Design',3,0,1),(7,'Network & Security',1,NULL,0);
/*!40000 ALTER TABLE `categories` ENABLE KEYS */;
UNLOCK TABLES;

--
-- Table structure for table `courses`
--

DROP TABLE IF EXISTS `courses`;
/*!40101 SET @saved_cs_client     = @@character_set_client */;
/*!50503 SET character_set_client = utf8mb4 */;
CREATE TABLE `courses` (
  `courseID` int(11) NOT NULL AUTO_INCREMENT,
  `courseName` varchar(100) DEFAULT NULL,
  `catID` int(11) DEFAULT NULL,
  `teacherID` int(11) DEFAULT NULL,
  `rating` decimal(2,1) DEFAULT NULL,
  `rating_num` int(11) DEFAULT NULL,
  `image` mediumtext,
  `price` int(11) DEFAULT NULL,
  `promotion` int(11) DEFAULT NULL,
  `lec_num` int(11) DEFAULT NULL,
  `tinydes` mediumtext,
  `maindes` longtext,
  `weekStudentNum` int(11) DEFAULT NULL,
  `lwStudentNum` int(11) DEFAULT NULL,
  `student_num` int(11) DEFAULT NULL,
  `views` int(11) DEFAULT NULL,
  `update` date DEFAULT NULL,
  `completed` tinyint(4) DEFAULT '0',
  `hidden` tinyint(4) NOT NULL DEFAULT '0',
  PRIMARY KEY (`courseID`),
  FULLTEXT KEY `fulltextCourse` (`courseName`,`tinydes`)
) ENGINE=InnoDB AUTO_INCREMENT=134 DEFAULT CHARSET=utf8mb4;
/*!40101 SET character_set_client = @saved_cs_client */;

--
-- Dumping data for table `courses`
--

LOCK TABLES `courses` WRITE;
/*!40000 ALTER TABLE `courses` DISABLE KEYS */;
INSERT INTO `courses` VALUES (19,'The Complete 2023 Web Development Bootcamp',1,3,3.3,4,'19vLHdwilRLXADTg7bRI4tj9N0gfX7vf7',2199000,229000,6,'Become a Full-Stack Web Developer with just ONE course. HTML, CSS, Javascript, Node, React, MongoDB, Web3 and DApps','<p>Welcome to the Complete Web Development Bootcamp,<strong>&nbsp;the only course you need</strong>&nbsp;to learn to code and become a full-stack web developer. With 150,000+ ratings and a 4.8 average, my Web Development course is one of the HIGHEST&nbsp;RATED courses in the history of Udemy!&nbsp;</p>\r\n<p>At 65+ hours, this Web Development course is without a doubt the&nbsp;<strong>most comprehensive&nbsp;</strong>web development course available online. Even if you have&nbsp;<strong>zero</strong>&nbsp;programming experience, this course will take you from&nbsp;<strong>beginner to mastery</strong>. Here\'s why:</p>\r\n<ul>\r\n<li>\r\n<p>The course is taught by the&nbsp;<strong>lead instructor</strong>&nbsp;at the App Brewery, London\'s&nbsp;<strong>leading in-person programming bootcamp</strong>.</p>\r\n</li>\r\n<li>\r\n<p>The course has been updated to be&nbsp;<strong>2023 ready&nbsp;</strong>and you\'ll be learning the latest tools and technologies used at large companies such as Apple, Google and Netflix.</p>\r\n</li>\r\n<li>\r\n<p>This course doesn\'t cut any corners, there are beautiful&nbsp;<strong>animated explanation videos</strong>&nbsp;and tens of&nbsp;<strong>real-world projects</strong>&nbsp;which you will get to build.</p>\r\n</li>\r\n<li>\r\n<p>The curriculum was developed over a period of&nbsp;<strong>four years</strong>, with comprehensive student testing and feedback.</p>\r\n</li>\r\n<li>\r\n<p>We\'ve taught over a&nbsp;<strong>million</strong>&nbsp;students how to code and many have gone on to&nbsp;<strong>change their lives&nbsp;</strong>by becoming professional developers or starting their own tech startup.</p>\r\n</li>\r\n<li>\r\n<p>You\'ll save yourself&nbsp;<strong>over $12,000&nbsp;</strong>by enrolling, but still get access to the same teaching materials and learn from the same instructor and curriculum as our in-person programming bootcamp.</p>\r\n</li>\r\n<li>\r\n<p>The course is&nbsp;<strong>constantly updated</strong>&nbsp;with new content, with new projects and modules determined by students - that\'s you!</p>\r\n</li>\r\n</ul>\r\n<p>&nbsp;</p>\r\n<p>We\'ll take you&nbsp;<strong>step-by-step</strong>&nbsp;through engaging video tutorials and teach you everything you need to know to succeed as a web developer.</p>\r\n<p>The course includes over&nbsp;<strong>65 hours</strong>&nbsp;of HD video tutorials and builds your programming knowledge while making real-world websites and web apps.</p>',4,NULL,4,51,'2023-01-07',1,0),(20,'100 Days of Code: The Complete Python Pro Bootcamp for 2023',1,3,4.5,2,'1PZzhTZvT_9gzdF-cqwyvHXQxshwK8whj',2199000,0,5,'Master Python by building 100 projects in 100 days. Learn data science, automation, build websites, games and apps!','<p>Welcome to the 100 Days of Code - The Complete Python Pro Bootcamp,<strong>&nbsp;the only course you need</strong>&nbsp;to learn to code with Python. With over 500,000&nbsp;<strong>5 STAR reviews</strong>&nbsp;and a 4.8 average, my courses are some of the HIGHEST&nbsp;RATED courses in the history of Udemy!&nbsp;&nbsp;</p>\r\n<p><strong>100 days, 1 hour per day, learn to build 1 project per day, this is how you master Python.</strong></p>\r\n<p>At 60+ hours, this Python course is without a doubt the&nbsp;<strong>most comprehensive&nbsp;</strong>Python course available anywhere online. Even if you have&nbsp;<strong>zero</strong>&nbsp;programming experience, this course will take you from&nbsp;<strong>beginner to professional</strong>. Here\'s why:</p>\r\n<ul>\r\n<li>\r\n<p>The course is taught by the&nbsp;<strong>lead instructor</strong>&nbsp;at the App Brewery, London\'s&nbsp;<strong>best in-person programming Bootcamp</strong>.</p>\r\n</li>\r\n<li>\r\n<p>The course has been updated to be&nbsp;<strong>2023 ready&nbsp;</strong>and you\'ll be learning the latest tools and technologies used at large companies such as Apple, Google and Netflix.</p>\r\n</li>\r\n<li>\r\n<p>This course doesn\'t cut any corners, there are beautiful&nbsp;<strong>animated explanation videos</strong>&nbsp;and tens of&nbsp;<strong>real-world projects</strong>&nbsp;which you will get to build. e.g. Tinder auto swiper, Snake game, Blog Website, LinkedIn Auto Submit Job Application</p>\r\n</li>\r\n<li>\r\n<p>The curriculum was developed over a period of<strong>&nbsp;2 years</strong>, with comprehensive student testing and feedback.</p>\r\n</li>\r\n<li>\r\n<p>We\'ve taught over 600,000 students how to code and many have gone on to&nbsp;<strong>change their lives&nbsp;</strong>by becoming professional developers or starting their own tech startup.</p>\r\n</li>\r\n<li>\r\n<p>You\'ll save yourself&nbsp;<strong>over $12,000&nbsp;</strong>by enrolling, and still get access to the same teaching materials and learn from the same instructor and curriculum as our in-person programming Bootcamp.</p>\r\n</li>\r\n<li>\r\n<p>The course is&nbsp;<strong>constantly updated</strong>&nbsp;with new content, with new projects and modules determined by students - that\'s you!</p>\r\n</li>\r\n</ul>\r\n<p>&nbsp;</p>\r\n<p>We\'ll take you&nbsp;<strong>step-by-step</strong>&nbsp;through engaging video tutorials and teach you everything you need to know to succeed as a Python developer.</p>\r\n<p>The course includes over&nbsp;<strong>65 hours</strong>&nbsp;of HD video tutorials and builds your programming knowledge while making real-world Python projects.</p>',3,NULL,3,36,'2023-01-07',1,0),(21,'Ethical Hacking for Mobile Phones, Facebook & Social Media!',7,2,3.8,6,'1nHZmQHopgZGoQIhRndxabLGJOFPSuPkY',1599000,0,3,'Complete Guide to systems, phones and Facebook hacking with Kali Linux, using client exploitation techniques.','<p>You will get to see screen capture live tutorials showing you everything you need to do to get started with ethical hacking and penetration testing including information about all of the topics below!</p>\r\n<p>Learn&nbsp;the techniques employed by security enthusiasts to break into user\'s Social media&nbsp;accounts, phones or machines using client side exploitation techniques.&nbsp;We will&nbsp;cover&nbsp;leveraging&nbsp;<em><strong>client side application functionalities or loopholes</strong></em>&nbsp;to achieve the hack and how to<strong><em>&nbsp;defend against such attacks</em></strong>.&nbsp;</p>\r\n<p>You will also&nbsp;understand&nbsp;how to be both&nbsp;<strong><em>creative and careful</em></strong>&nbsp;when crafting your social engineering attacks.</p>\r\n<p>The course covers variety of topics ranging from&nbsp;hacking facebook user accounts using phishing techniques and how to defend against them. It extends to exploiting phones,&nbsp;systems and learning how to defend from such attacks which comprise the&nbsp;client side exploitation domain.&nbsp;</p>\r\n<p>Here is what we will cover:</p>\r\n<ul>\r\n<li>Phishing (Social network accounts such as Facebook, Twitter,&nbsp;etc.)</li>\r\n<li>Browser attacks</li>\r\n<li>Macro based client side hack</li>\r\n<li>Android Phone hacking</li>\r\n<li>Defend against all client side attacks</li>\r\n</ul>\r\n<p>&nbsp;</p>\r\n<p>Don\'t delay.&nbsp;Take this course now to get your learning started fast as an IT security professional online!</p>',7,NULL,7,46,'2023-01-07',1,0),(22,'The Complete Cyber Security Course : Hackers Exposed!',7,2,5.0,3,'1jU4DCVO5wfy6HOgZz_Qhq64BLSnnJnXa',2199000,0,5,'Volume 1 : Become a Cyber Security Specialist, Learn How to Stop Hackers, Prevent Hacking, Learn IT Security & INFOSEC','<div data-purpose=\"safely-set-inner-html:description:description\">\r\n<p><strong>Learn a practical skill-set in defeating all online threats</strong>, including - advanced hackers, trackers, malware, zero days, exploit kits, cybercriminals and more.</p>\r\n<p>Become a Cyber Security Specialist - Go from a&nbsp;<strong>beginner to advanced&nbsp;</strong>in this easy to follow expert course. &nbsp;</p>\r\n<p>Covering all major platforms -&nbsp;<strong>Windows 7, Windows 8, Windows 10, MacOS and Linux</strong>.</p>\r\n<p>This course covers the fundamental building blocks of your required skill set - You will understand the threat and vulnerability landscape through threat modeling and&nbsp;risk assessments.</p>\r\n<p>We&nbsp;<strong>explore the Darknet and mindset of the cyber criminal</strong>. Covering malware, exploit kits, phishing, zero-day vulnerabilities and much more.</p>\r\n<p>&nbsp;</p>\r\n<p>You will learn about the<strong>&nbsp;global tracking and hacking</strong>&nbsp;infrastructures that nation states run. Covering the NSA, FBI, CIA, GCHQ, China&rsquo;s MSS and other intelligence agencies capabilities.</p>\r\n<p>&nbsp;</p>\r\n<p>You will understand the foundations of operating system security and privacy functionality. A close look at the new&nbsp;<strong>Windows 10 privacy issues</strong>&nbsp;and how to best mitigate them.</p>\r\n<p>There is a complete easy to follow&nbsp;<strong>crash course on encryption</strong>, how encryption can be bypassed and what you can do to mitigate the risks.</p>\r\n<p>Master&nbsp;<strong>defenses against phishing, SMShing, vishing, identity theft</strong>, scam, cons and other&nbsp;social engineering threats.</p>\r\n<p>Finally we cover the extremely important, but underused security control of isolation and compartmentalization. Covering sandboxes, application isolation, virtual machines,&nbsp;<strong>Whonix and Qubes OS</strong>.</p>\r\n<p><strong>This is volume 1 of 4 of your complete guide to cyber security privacy and anonymity.&nbsp;&nbsp;</strong></p>\r\n</div>\r\n<div data-purpose=\"target-audience\">&nbsp;</div>',4,NULL,4,68,'2023-01-07',1,0),(23,'Complete Ethical Hacking Bootcamp 2023: Zero to Mastery',7,2,3.0,1,'1CBFz-ZdR0k7scPYGeGFDzdNHOIhG3Yr8',1999000,0,5,'Learn Ethical Hacking + Penetration Testing! Use real techniques by black hat hackers then learn to defend against them!','<p><strong>Just updated with all modern ethical hacking tools and best practices for 2023! Join a live online community of over 900,000+ students and a course taught by industry experts. This course will take you from absolute beginning of setting up your own hacking lab (<em>like Kali Linux</em>) on your machine, all the way to becoming a security expert that is able to use all the hacking techniques used by hackers and defend against them!<br><br></strong>Whether you are a complete beginner looking to become an ethical hacker, or you&rsquo;re a student looking to learn about securing computer systems, or you are a programmer who is looking to improve their security online and prevent attacks from hackers on your website, this course will dive you into the world of hacking and penetration testing.&nbsp;<strong>We even teach you Python programming from scratch for those that want to learn to program their own tools for hacking and penetration testing.</strong></p>',1,NULL,1,10,'2023-01-07',1,0),(25,'Learn Ethical Hacking From Scratch',7,2,2.5,2,'1sURpJkNRRru3tsnE9JxrLZBVJKAzshA5',2199000,0,5,'Become an ethical hacker that can hack computer systems like black hat hackers and secure them like security experts.','<p>Welcome this comprehensive Ethical Hacking course! This course assumes&nbsp;you have&nbsp;<strong>NO&nbsp;prior knowledge</strong>&nbsp;and by the end of it you\'ll be able to&nbsp;<strong>hack systems like black-hat hackers</strong>&nbsp;and&nbsp;<strong>secure them like security experts!</strong></p>\r\n<p>This&nbsp;course is&nbsp;highly&nbsp;<strong>practical</strong>&nbsp;but it won\'t neglect the theory; we\'ll start with ethical hacking basics, breakdown the different penetration testing fields and install the needed software (on Windows, Linux and Mac OS X), then we\'ll dive and start hacking straight away. You\'ll&nbsp;<strong>learn everything by example</strong>, by analysing and exploiting different systems such as networks, servers, clients, websites .....etc. We\'ll never have any boring dry theoretical lectures.</p>\r\n<p>The course is divided into a number of sections, each section covers a penetration testing / hacking field, in each of these sections you\'ll first learn how the target system works, the weaknesses of this system, and how to&nbsp;<strong>practically</strong>&nbsp;exploit theses weaknesses to hack this system.</p>\r\n<p>By the end of the course you will have a strong foundation in most hacking or penetration testing fields and you\'ll also learn how to&nbsp;<strong>detect, prevent and secure</strong>&nbsp;systems and yourself from&nbsp;the discussed attacks.&nbsp;</p>',2,NULL,2,9,'2023-01-07',1,0),(26,'Website Hacking / Penetration Testing',7,2,4.5,2,'1_xC2Yz1LNcje-qNzG-yH5tQGjSephrE3',1999000,0,5,'Hack websites & web applications like black hat hackers and secure them like experts.','<p><em>Note: The contents of this course are not covered in any of my other courses except for some basics. Although website hacking is covered in one of my other courses, that course only covers the basics where this course&nbsp;</em><strong><em>dives much deeper in this topic</em></strong><em>&nbsp;covering more techniques, more vulnerabilities, advanced exploitation, advanced post exploitation, bypassing security and more!</em></p>\r\n<p>Welcome to my this comprehensive course on Website penetration testing. In this course you\'ll learn website / web applications&nbsp;hacking!&nbsp;This course assumes&nbsp;you have&nbsp;<strong>NO&nbsp;prior knowledge</strong>&nbsp;in hacking, and by the end of it you\'ll be at a high level, being able to&nbsp;<strong>hack &amp; discover bugs in websites like black-hat hackers</strong>&nbsp;and&nbsp;<strong>secure them like security experts!</strong></p>\r\n<p>This&nbsp;course is&nbsp;highly&nbsp;<strong>practical</strong>&nbsp;but it won\'t neglect the theory, first you\'ll learn how to install the needed software (on Windows, Linux and Mac OS X) and then we\'ll start with websites basics, the different components that make a website, the technologies used, and then we\'ll dive into website hacking straight away. From here onwards you\'ll&nbsp;<strong>learn everything by example</strong>, by discovering vulnerabilities and exploiting them to hack into websites, so we\'ll never have any dry boring theoretical lectures.</p>\r\n<p>Before jumping into hacking, you\'ll first learn how to&nbsp;<strong>gather comprehensive information</strong>&nbsp;about the target website, then the course is divided into a number of sections, each section covers how to&nbsp;<strong>discover, exploit and mitigate</strong>&nbsp;a common web application vulnerability, for each vulnerability you will first learn the basic exploitation, then you will learn&nbsp;<strong>advanced</strong>&nbsp;techniques to&nbsp;<strong>bypass security, escalate your privileges</strong>,&nbsp;<strong>access the database</strong>, and even use the hacked websites to hack into other websites on the same server.</p>\r\n<p>All of the vulnerabilities covered here are&nbsp;<strong>very common in bug bounty programs</strong>, and most of them are part of the OWASP top 10.</p>\r\n<p>You will learn how and why these vulnerabilities are exploitable, how to fix them and what are the right practices to avoid causing them.</p>',2,NULL,2,11,'2023-01-07',1,0),(27,'Learn Python & Ethical Hacking From Scratch',7,2,0.0,NULL,'1Txw2V8V-92mmuSF8-8mGujiE4HQbuNR2',2199000,0,5,'Start from 0 & learn both topics simultaneously from scratch by writing 20+ hacking programs','<p>Welcome to my comprehensive course on python programming and ethical hacking. The course assumes&nbsp;you have&nbsp;<strong>NO&nbsp;prior knowledge</strong>&nbsp;in any of these topics, and by the end of it you\'ll be at a high intermediate level being able to combine both of these skills to write python programs to hack into computer systems exactly the same way that black hat hackers do. That\'s not all, you\'ll also be able to use the programming skills you learn to&nbsp;<strong>write any program</strong>&nbsp;even if it has nothing to do with hacking.</p>\r\n<p>This&nbsp;course is&nbsp;highly&nbsp;<strong>practical</strong>&nbsp;but it won\'t neglect the theory, we\'ll start with basics of ethical hacking and python programming and installing the needed software. Then we\'ll dive and start programming straight away. You\'ll&nbsp;<strong>learn everything by example</strong>, by writing useful hacking programs, no boring dry programming lectures.</p>\r\n<p>The course is divided into a number of sections, each aims to achieve a specific goal, the goal is usually to hack into a certain system! We\'ll start by learning how this system work and its weaknesses, then you\'ll lean how to write a python program to exploit these weaknesses and hack the system. As we write the program I will teach you python programming from scratch covering one topic at a time. By the end of the course you\'re going to have a number of ethical hacking programs written by yourself (see below) from&nbsp;<strong>backdoors, keyloggers, credential harvesters, network hacking tools, website hacking tools and the list goes on</strong>. You\'ll also have a deep understanding on how computer systems work, how to model problems, design an algorithm to solve problems and implement the solution using python.</p>',NULL,NULL,NULL,1,'2023-01-07',1,0),(28,'Crash Course: Build a Full-Stack Web App in a Weekend!',1,4,5.0,1,'1fJksdaa-nsFPkphnVovuEVcPrWSKnPHm',1999000,0,5,'A quick, fun, and hands-on introduction to web development. Build a complete app with HTML, CSS, JavaScript, and React!','<p><strong><em>*** Just released in December 2022 ***</em></strong></p>\r\n<p><em>\"I have already learned more in this class than in a $12,000 coding BootCamp (...). Before taking one of the Bootcamp on Udemy, you should take this class first\"</em>&nbsp;&ndash; Robert</p>\r\n<p>&nbsp;</p>\r\n<p>Do you want to learn the fundamentals of modern web development&nbsp;<strong>fast</strong>?</p>\r\n<p>Do you want to find out if building websites and apps is the&nbsp;<strong>right career path</strong>&nbsp;for you?</p>\r\n<p>Or maybe you just want to know what your web developer friends do all day?</p>\r\n<p>In any of these cases...</p>\r\n<p><strong>Welcome to my \"Web Development Crash Course\"! Together, we will build a fun, small, but full-stack web application in just a few days.</strong></p>\r\n<p>&nbsp;</p>\r\n<p><strong><em>But why this course? And why is it so short?</em></strong></p>\r\n<p>Well, there are so many 60 and 80-hour-long \"complete\" web development courses out there, which are great if you want to invest 3 months of your life into finding out if web dev is even right for you or not...</p>\r\n<p><strong>I wanted to offer a different approach.</strong>&nbsp;A short and fast crash course, where you can dip your toes into the world of&nbsp;<strong>HTML</strong>,&nbsp;<strong>CSS</strong>,&nbsp;<strong>JavaScript</strong>, and even&nbsp;<strong>React</strong>&nbsp;(the most used JavaScript library in the world).</p>\r\n<p>You can finish it in a weekend (if you have nothing else planned), or you can take a week. But the point is that&nbsp;<strong>you can learn the very fundamentals of web development quite fast</strong>, and in an engaging, 99% project-based way.</p>\r\n<p>And even though this is called a \"crash course\",&nbsp;<strong>this course teaches you more in 12 hours than I learned in my first 2 years</strong>&nbsp;as a web developer!</p>\r\n<p>That\'s how condensed, and how valuable, the material is. And the course still maintains the&nbsp;<strong>high-quality standard</strong>&nbsp;of all my other courses, so that you actually understand what you are learning!</p>',2,NULL,2,11,'2023-01-07',1,0),(29,'OWASP top 10 Web Application Security for Absolute Beginners',7,4,5.0,1,'1QHmB-Tk1QI2N-c1-mfAArqTh-2k_ssWS',1999000,0,5,'No coding skills required!','<p><strong>****ALWAYS UPDATED WITH NEW LESSONS****</strong></p>\r\n<p><strong>+ Get instant access to course slides!<br>+ Get instant access to additional technical resources to scan your website</strong></p>\r\n<p><br><strong>Understand impact, Explain Vulnerabilities, And Make More Money</strong></p>\r\n<p>Within&nbsp;<strong><em>1,5 hour</em></strong>&nbsp;you will be able to explain web application security without having to code. For your convenience:</p>\r\n<ul>\r\n<li>\r\n<p>I\'ve combined the OWASP 2017 and OWASP 2013 top 10 list into a single list of 10 common web application security threats.</p>\r\n</li>\r\n<li>\r\n<p>I\'ve updated the course with the new threats added in 2021.</p>\r\n</li>\r\n</ul>\r\n<p>I will teach you the&nbsp;10 most common threats identified by the&nbsp;Open Web Application Security Project (OWASP). This course will&nbsp;<em>jumpstart your security career!</em><br>&nbsp;<br><strong>Overview</strong><br>1) Understand the OWASP top&nbsp;10,<br>2) Explain impact per security threat,&nbsp;<br>3) Understand these threats can be executed by attackers&nbsp;/ pentesters / hackers<br>4)&nbsp;Explain how these security threats can be mitigated&nbsp;</p>\r\n<p>You will able to understand the above-mentioned points&nbsp;<em>without&nbsp;having&nbsp;to understand&nbsp;code.</em></p>',1,NULL,1,13,'2023-01-07',1,0),(30,'Servlets and JSPs Tutorial: Learn Web Applications With Java',1,4,3.0,1,'1annMdoW5ccoIvJlLVouLDzxv5rE7G24z',1999000,0,5,'Learn how to create dynamic websites using the Java programming language with this java web application tutorial','<div data-purpose=\"safely-set-inner-html:description:description\">\r\n<p>In this Java web application tutorial I\'ll show you how to create dynamic websites using the core technologies of Java web programming. If you want to create your own interactive websites, if you know some Java and you want to take your skills to the next level, or if you want hot skills for the job marketplace, this Java web application tutorial course is for you.</p>\r\n<p>In this Java web application tutorial course you\'ll learn how to:</p>\r\n<ul>\r\n<li>Leverage the power of Java to create dynamic websites</li>\r\n<li>Deploy your applications for free on the Internet</li>\r\n<li>Use and understand core server-side Java web technologies</li>\r\n</ul>\r\n<p>I\'ll show you how to take your basic Java knowledge and use it to create websites using the same technologies (servlets, JSPs and JSTL) that everyone from self-employed web developers to huge corporations use to create modern interactive web sites.</p>\r\n</div>',1,NULL,1,39,'2023-01-07',1,0),(34,'Angular - The Complete Guide (2023 Edition)',1,4,4.3,4,'1YmU7osMbQYfNCN26uRQODAoWExYu_qrF',1999000,0,5,'Master Angular (formerly \"Angular 2\") and build awesome, reactive web apps with the successor of Angular.js','<p><strong>Join the most comprehensive and bestselling Angular course on Udemy and learn all about this amazing framework from the ground up, in great depth!</strong></p>\r\n<p><strong>This course starts from scratch, you neither need to know Angular 1 nor Angular 2!</strong></p>\r\n<p>From&nbsp;<strong>Setup</strong>&nbsp;to&nbsp;<strong>Deployment</strong>, this course covers it all! You\'ll learn all about&nbsp;<strong>Components</strong>,&nbsp;<strong>Directives</strong>,&nbsp;<strong>Services</strong>,&nbsp;<strong>Forms</strong>,&nbsp;<strong>Http</strong>&nbsp;Access,&nbsp;<strong>Authentication, Optimizing an Angular&nbsp;App with Modules and Offline Compilation</strong>&nbsp;and&nbsp;<strong>much more&nbsp;</strong>- and in the end:&nbsp;You\'ll learn how to&nbsp;<strong>deploy</strong>&nbsp;<strong>an application</strong>!</p>\r\n<p><strong>But that\'s not all!</strong>&nbsp;This course will also show you how to use the&nbsp;<strong>Angular&nbsp;CLI</strong>&nbsp;and feature a&nbsp;<strong>complete project</strong>, which allows you to practice the things learned throughout the course!</p>\r\n<p>And if you do get stuck, you&nbsp;<strong>benefit from an extremely fast and friendly support</strong>&nbsp;- both via direct messaging or discussion. You have my word!&nbsp;;-)</p>\r\n<p>Angular is one of the most modern, performance-efficient and powerful frontend frameworks you can learn as of today. It allows you to build great web apps which offer awesome user experiences!<strong>&nbsp;Learn all the fundamentals you need to know to get started developing Angular&nbsp;applications right away.</strong></p>\r\n<p><strong>Hear what my students have to say</strong></p>\r\n<p><em>Absolutely fantastic tutorial series. I cannot thank you enough. The quality is first class and your presentational skills are second to none. Keep up this excellent work. You really rock! - Paul Whitehouse</em></p>\r\n<p><em>The instructor, Max, is very enthusiastic and engaging. He does a great job of explaining what he\'s doing and why rather than having students just mimic his coding. Max was also very responsive to questions. I would recommend this course and any others that he offers. Thanks, Max!</em></p>\r\n<p><em>As a person new to both JavaScript and Angular 2 I found this course extremely helpful because Max does a great job of explaining all the important concepts behind the code. Max has a great teaching ability to focus on what his audience needs to understand.</em></p>\r\n<p><strong>This Course uses TypeScript</strong></p>\r\n<p>TypeScript is the main language used by the official Angular&nbsp;team and the language you\'ll mostly see in Angular tutorials. It\'s a superset to JavaScript and makes writing Angular&nbsp;apps really easy. Using it ensures, that you will have the best possible preparation for creating Angular&nbsp;apps. Check out the free videos for more information.</p>\r\n<p>TypeScript knowledge is, however, not required - basic JavaScript knowledge is enough.</p>\r\n<p><strong>Why Angular?</strong></p>\r\n<p>Angular&nbsp;is the next big deal. Being the successor of the overwhelmingly successful Angular.js framework it&rsquo;s bound to shape the future of frontend development in a similar way. The powerful features and capabilities of Angular&nbsp;allow you to create complex, customizable, modern, responsive and user friendly web applications.</p>\r\n<p>Angular 13&nbsp;simply is the latest version of the Angular framework and simply an update to Angular 2.</p>\r\n<p>Angular is faster than Angular 1 and offers a much more flexible and modular development approach. After taking this course you&rsquo;ll be able to fully take advantage of all those features and start developing awesome applications immediately.</p>\r\n<p>Due to the drastic differences between Angular 1 and Angular&nbsp;(=Angular 13)&nbsp;you don&rsquo;t need to know anything about Angular.js to be able to benefit from this course and build your futures projects with Angular.</p>\r\n<p><strong>Get a very deep understanding of how to create Angular&nbsp;applications</strong></p>\r\n<p>This course will teach you all the fundamentals about modules, directives, components, databinding, routing, HTTP access and much more! We will take a lot of deep dives and each section is backed up with a real project. All examples showcase the features Angular&nbsp;offers and how to apply them correctly.</p>',4,NULL,4,32,'2023-01-07',1,0),(44,'Modern React with Redux [2023 Update]',1,4,5.0,1,'1OaJWquNGu-FgeQ8ufC0zjeX6DsLZm7yc',2199000,0,5,'Master React and Redux Toolkit. Includes RTK Query, tons of custom hooks, and more! Course 100% Updated November 2022','<p>Congratulations!&nbsp; You\'ve found the&nbsp;<em>most&nbsp;</em><strong><em>popular</em></strong>,&nbsp;<em>most&nbsp;</em><strong><em>complete</em></strong>, and&nbsp;<em>most&nbsp;</em><strong><em>up-to-date</em></strong>&nbsp;resource online for learning React and Redux!</p>\r\n<p>Thousands of other engineers have learned React and Redux, and you can too.&nbsp; This course uses a&nbsp;<strong>time-tested, battle-proven</strong>&nbsp;method to make sure you understand exactly how React and Redux work, and will get you a new job working as a software engineer or help you build that app you\'ve always been dreaming about.</p>\r\n<p><strong>The difference between this course and all the others: you will understand the design patterns used by top companies to build massively popular web apps.</strong></p>\r\n<p>React is the most popular Javascript library of the last five years, and the job market is still hotter than ever.&nbsp; Companies large and small can\'t hire engineers who understand React and Redux fast enough, and salaries for engineers are at an all time high.&nbsp; It\'s a great time to learn React!</p>',1,NULL,1,13,'2023-01-07',1,0),(54,'iOS & Swift - The Complete iOS App Development Bootcamp',2,3,0.0,NULL,'1hCc3e8xcE_x54_69bvZUh-b4Re7vGZHC',1999000,0,5,'From Beginner to iOS App Developer with Just One Course! Fully Updated with a Comprehensive Module Dedicated to SwiftUI!','<p>Welcome to the&nbsp;<strong>Complete iOS App Development Bootcamp</strong>. With over 39,000 5 star ratings and a 4.8 average my iOS course is the HIGHEST RATED iOS Course in the history of Udemy!</p>\r\n<p>At 55+ hours, this iOS 13 course is the&nbsp;<strong>most comprehensive</strong>&nbsp;iOS development course online!</p>\r\n<p>This Swift 5.1 course is based on our<strong>&nbsp;in-person</strong>&nbsp;app development bootcamp in London, where we\'ve perfected the curriculum over 4 years of in-person teaching.</p>\r\n<p>Our complete app development bootcamp teaches you how to code using Swift 5.1 and build&nbsp;<em>beautiful</em>&nbsp;iOS 13 apps for iPhone and iPad. Even if you have&nbsp;<strong>ZERO</strong>&nbsp;programming experience.</p>\r\n<p>I\'ll take you step-by-step through engaging and fun video tutorials and teach you everything you need to know to succeed as an iOS app developer.</p>\r\n<p>The course includes 55+<strong>&nbsp;hours</strong>&nbsp;of HD video tutorials and builds your programming knowledge while making real world apps. e.g. Pokemon Go, Whatsapp, QuizUp and Yahoo Weather.</p>\r\n<p>The curriculum has been completely revamped for iOS 13 and Xcode 11. Including comprehensive modules on Apple\'s latest technology -&nbsp;<strong>SwiftUI</strong>&nbsp;iOS, iPadOS and macOS app interface design,&nbsp;<strong>ARKit</strong>&nbsp;for making&nbsp;<strong>Augmented Reality</strong>&nbsp;apps as well as&nbsp;<strong>CoreML &amp; CreateML</strong>&nbsp;for making intelligent apps with&nbsp;<strong>Machine Learning</strong>. You\'ll be building 3D augmented reality apps that look like Pokemon Go and Harry Potter\'s magical newspapers!</p>\r\n<p>By the end of this course, you will be&nbsp;<strong>fluently</strong>&nbsp;programming in&nbsp;<strong>Swift 5.1</strong>&nbsp;and be ready to make your own apps or start a freelancing job as an iOS 13 developer.</p>\r\n<p>You\'ll also have a portfolio of over 25 apps that you can show off to any potential employer.</p>',1,NULL,1,10,'2023-01-07',0,0),(64,'The Complete Flutter Development Bootcamp with Dart',2,3,0.0,NULL,'14UU4tFHcPSVGttpm5O2JSsXOfoU74QGS',1999000,0,5,'Officially created in collaboration with the Google Flutter team.','<p>Welcome to the&nbsp;<strong>Complete Flutter App Development Bootcamp with Dart&nbsp;</strong>- created in collaboration with the Google Flutter team.</p>\r\n<p><strong>Now includes a brand new module on Flutter State Management!</strong></p>\r\n<p>Covering all the fundamental concepts for Flutter development, this is the&nbsp;<strong>most comprehensive</strong>&nbsp;Flutter course available online.</p>\r\n<p>We built this course over months, perfecting the curriculum together with the Flutter team to teach you Flutter<strong>&nbsp;from scratch</strong>&nbsp;and make you into&nbsp; a&nbsp;<strong>skilled Flutter developer</strong>&nbsp;with a&nbsp;<strong>strong portfolio</strong>&nbsp;of beautiful Flutter apps.</p>\r\n<p>Our complete Flutter development bootcamp teaches you how to code using&nbsp;<strong>Dart</strong>&nbsp;and&nbsp;build&nbsp;<em>beautiful, fast, native-quality</em>&nbsp;iOS and Android apps. Even if you have&nbsp;<strong>ZERO</strong>&nbsp;programming experience.</p>\r\n<p>I\'ll take you step-by-step through engaging and fun video tutorials and teach you everything you need to know to succeed as a Flutter developer.</p>\r\n<p>The course includes&nbsp;<strong>28+ hours</strong>&nbsp;of HD video tutorials and builds your programming knowledge while making real world apps. e.g. Whatsapp, QuizUp and&nbsp;Yahoo Weather.</p>\r\n<p>By the end of this course, you will be&nbsp;<strong>fluently</strong>&nbsp;programming in&nbsp;<strong>Dart</strong>&nbsp;and be ready to build your own Flutter apps and become a fully fledged Flutter developer.</p>\r\n<p>You\'ll also have a portfolio of over 15 apps that you can show off to any potential employer.</p>',1,NULL,1,5,'2023-01-07',0,0),(74,' 30-Day Money-Back Guarantee Development Mobile Development App',2,4,5.0,1,'1iGTlWwj7IVChsNm-IGeWRG91uRsmGlIY',1999000,0,5,'Android application,App Inventor 2,Google Play Store,Basic Programming','<p><strong>Build Android Apps with App Inventor 2</strong></p>\r\n<p>Everybody has a great idea for an app. The problem is, not many of those people have the skills or knowledge required to make that idea a reality. Building an app, regardless of its simplicity or platform, requires certain technical know-how like coding, UX/UI design, and more. App Inventor 2, however, cuts through all of the smoke and allows anyone &ndash; even those with no coding experience &ndash; to build Android apps from the ground up. This course will teach you how.</p>\r\n<p><strong>Build Apps Without Learning Code!</strong></p>\r\n<ul>\r\n<li>Gain a practical understanding of programming basics</li>\r\n<li>Navigate and use App Inventor 2 efficiently and effectively</li>\r\n<li>Create and build your own apps for Android</li>\r\n<li>Test and update your apps after you\'ve built them</li>\r\n<li>Learn how to publish your app to Google\'s Play Store</li>\r\n</ul>\r\n<p><strong>Android Apps in an Instant</strong></p>\r\n<p>&nbsp;</p>\r\n<p>This course will teach you everything you need to know about building apps &ndash; without the complicated coding normally required. If you have a good internet connection, a basic understanding of what an Android app is, and a great idea for an app that doesn\'t yet exist, then you\'re the perfect candidate! While the course is aimed at beginner programmers or those with no coding experience whatsoever, experienced app builders who want to learn from a new angle will benefit too.</p>\r\n<p>During the 204 lectures and 17 hours of content contained within this course, you\'ll learn the basics of programming in a fun and practical way, while creating fully fledged, ready-to-use Android apps. You\'ll start off with setting up App Inventor 2 and choosing the options you\'ll need for your future apps. Then you\'ll get to know the interface and tools before diving straight in and creating not one, not two, but TEN apps. These apps will increase in complexity as you work through them, using features such as the component editor and blocks editor.</p>\r\n<p>When you\'ve built your ten apps you\'ll also learn how to test, update, and publish them to the Play Store. By the end of this course, you\'ll be an advanced app builder using App Inventor 2.</p>\r\n<p><strong>Tools Used</strong></p>\r\n<p>App Inventor 2 is an open source web application originally developed by Google and now maintained by MIT. It is aimed at beginner programmers and specially designed to enable them to build Android apps. It turns complicated coding language into visual drag and drop blocks, so there is no need for the user to learn code before building their apps.</p>',1,NULL,1,7,'2023-01-07',0,0),(84,'Android App Development: Modern Android Development Skills',2,4,0.0,NULL,'1aZawTlSGc26R7BtYTurPPDUJuDCEDTaN',1999000,0,5,'Android App Development | Develop different modern Android apps, learn android & mobile app development with projects','<p>Hello there,</p>\r\n<p>Welcome to \"<strong>Android App Development: Modern Android Development Skills</strong>\" course.<br><strong>Android App Development | Develop different modern Android apps, learn android &amp; mobile app development with projects</strong></p>\r\n<p>&nbsp;</p>\r\n<p>Due to its open-source nature, working with the&nbsp;<strong>Android&nbsp;</strong>platform necessitates constantly learning about the Android platform. My&nbsp;<strong>android development</strong>&nbsp;course on Udemy keeps you ahead of this learning curve, with hands-on lectures on Android operating systems and more.<br>The&nbsp;<strong>Android&nbsp;</strong>platform is increasingly popular with developers and a dominant force in the global smartphone market. As more businesses&nbsp;<strong>develop mobile apps</strong>&nbsp;for customer engagement,<strong>&nbsp;Android development</strong>&nbsp;skills are likely to stay in high demand.<br><br>Do you want to improve your career options by learning<strong>&nbsp;android</strong>?</p>\r\n<ul>\r\n<li>\r\n<p>Do you want to learn&nbsp;<strong>android app development</strong>&nbsp;from Scratch?</p>\r\n</li>\r\n<li>\r\n<p>Do you want to learn&nbsp;<strong>android development</strong>&nbsp;from Scratch?</p>\r\n</li>\r\n<li>\r\n<p>Do you want to be an&nbsp;<strong>android studio</strong>&nbsp;master?</p>\r\n</li>\r\n<li>\r\n<p>Do you want to build your&nbsp;<strong>apps</strong>?<br><br>I really like the approach of this course. It first teaches you Java which is highly important for designing apps in Android. Next, the instructor focuses on the Android SDK to teach you how to build beautiful applications for smartphones. As the course title indicates, it is the complete guide.<br>The&nbsp;<strong>Android platform</strong>&nbsp;is increasingly popular with developers, and a dominant force in the global smartphone market. As more businesses develop mobile apps for customer engagement,&nbsp;<strong>Android development</strong>&nbsp;skills are likely to stay in high demand.</p>\r\n</li>\r\n</ul>',NULL,NULL,NULL,6,'2023-01-07',0,0),(94,'Web Design for Beginners: Real World Coding in HTML & CSS',5,2,1.0,1,'16USp4wn8pI4bWU9Wu_25tdEjSkYy0fuX',1999000,0,5,'Launch a career as a web designer by learning HTML5, CSS3, responsive design, Sass and more!','<p>ou can launch a new career in web development today by learning HTML &amp; CSS. You don\'t need a computer science degree or expensive software. All you need is a computer, a bit of time, a lot of determination, and a teacher you trust. I\'ve taught HTML and CSS to countless coworkers and held training sessions for fortune 100 companies.&nbsp;<strong>I am that teacher you can trust</strong>.&nbsp;</p>\r\n<p>Don\'t limit yourself by creating websites with some cheesy &ldquo;site-builder\" tool. This course teaches you how to take 100% control over your webpages by using the same concepts that every professional website is created with.</p>\r\n<p>This course does not assume any prior experience. We start at square one and learn together bit by bit. By the end of the course you will have created (by hand) a website that looks great on phones, tablets, laptops, and desktops alike.</p>\r\n<p>In the summer of 2020 the course has received a new section where we push our website live up onto the web using the free GitHub Pages service; this means you\'ll be able to share a link to what you\'ve created with your friends, family, colleagues and the world!</p>',1,NULL,1,4,'2023-01-07',0,0),(104,'Wordpress for Beginners - Master Wordpress Quickly',5,2,0.0,NULL,'1MysZoILGulFSlzZz9QGzJA96i_JgJKQr',1999000,0,5,'In 2022, build a beautiful responsive Wordpress site that looks great on all devices. No experience required.','<p><strong>Wordpress for Beginners - A Complete Guide to Wordpress!</strong></p>\r\n<p><strong>In 2022, it\'s never been easier to build a fantastic, responsive website that looks great on computers, tablets, and mobile phones. &nbsp;</strong></p>\r\n<p><strong>You can learn Wordpress WITHOUT&nbsp;having to buy web hosting or a domain name.&nbsp;&nbsp;I\'ll show you how you can set it all up&nbsp;on your own computer using free tools.&nbsp;</strong></p>\r\n<p><strong>NOTE: This course will always be updated to cover the latest version of WordPress.&nbsp;</strong></p>\r\n<p>The primary&nbsp;goal of this course is to teach anyone, even a&nbsp;complete beginner, how to become a&nbsp;Wordpress guru&nbsp;in a few short hours, without lots of technical jargon. &nbsp;I\'ll guarantee that after taking this course&nbsp;you\'ll have the knowledge you need to build a responsive, beautiful website with the latest version of Wordpress.&nbsp;&nbsp;Not only will you know more than 99% of Wordpress users out there, but you\'ll actually enjoy using Wordpress too.&nbsp;</p>\r\n<p>This course is taught by Wordpress author and teacher,&nbsp;Dr.&nbsp;Andy Williams, who has been using WordPress since 2004, and teaching Wordpress to people of all skill levels since then.</p>',NULL,NULL,NULL,1,'2023-01-07',0,0),(114,'Master Web Design in Photoshop: Complete UI/UX Masterclass',5,2,0.0,NULL,'19H9jvgVY9k4Mwmn0XBDgH18ePQwm2BBe',1999000,0,5,'Learn UI/UX and how to create stunning website | Everything you need to know about web design in 2022 | All in Photoshop','<p>A website can make or break a business. That\'s because no matter how great the company\'s services or products are, without a beautiful website, it\'s all for nothing! That\'s why entrepreneurs from all over the world are looking for skilled web designers who are capable of creating awesome websites. This course will help you do just that!</p>\r\n<p><strong>Prepare Yourself for a Career in Web Design by Learning the Foundations of Photoshop and the Ins-and-Outs of the Design Industry</strong>&nbsp;</p>\r\n<ul>\r\n<li>\r\n<p>Master the principles of web design &amp; typography.&nbsp;</p>\r\n</li>\r\n<li>\r\n<p>Learn to design custom graphics and beautiful icons.&nbsp;</p>\r\n</li>\r\n<li>\r\n<p>Gain access to premium psd files and templates to inspire your own projects.&nbsp;</p>\r\n</li>\r\n<li>\r\n<p>Discover how to work with clients and how to remain competitive in a cutting-edge industry.&nbsp;</p>\r\n</li>\r\n</ul>\r\n<p><strong>Create Websites that Win Clients and Enhance Your Portfolio</strong>&nbsp;</p>\r\n<p>Professional web design is in high demand, with every type of business from large corporations to small boutiques looking for web designers who can improve their online presence and build their brand. This course will teach you the skills you need to create stunning website designs using Photoshop so that you can turn your clients&rsquo; visions into reality. You will also learn how to speak with clients, decode their requests, and meet their demands.&nbsp;</p>\r\n<p><strong>Contents and Overview</strong>&nbsp;</p>\r\n<p>Whether you&rsquo;re a beginner or an advanced web designer, you will find this course beneficial in how it blends clear, concise instruction with real world examples and hands-on exercises.&nbsp;</p>\r\n<p><strong>Photoshop &amp; Web Design from A to Z<br></strong>Following the course&rsquo;s simple step-by-step process, you will learn the web design principles and Photoshop skills necessary to create vivid web pages and graphics, starting with fundamental topics such as comparing different versions of Photoshop and selecting a monitor, before advancing to spacing, typography, logo design, layout, and more.&nbsp;</p>\r\n<p><strong>Client Case Studies<br></strong>You will gain a better understanding of the realities of web design by examining real-life case studies that demonstrate what to do and what not to do when working with clients.&nbsp;</p>\r\n<p><strong>Interactive Demos<br></strong>You will watch the creation of two websites from start to finish to gain a better understanding of the design process.&nbsp;</p>\r\n<p><strong>Free Templates &amp; Resources<br></strong>You will gain access to an exclusive selection of psd files, a cheat sheet hotkey guide, plus lots of website templates that you can use for your own projects.&nbsp;</p>',NULL,NULL,NULL,2,'2023-01-07',0,0),(124,'iOS 12 Swift 4.2 - The Complete iOS App Development Bootcamp',2,3,5.0,1,'13hOIpZspy3QpfRMfrPZ1LHOCj1gJX9db',1999000,0,5,'From Beginner to iOS App Developer with Just One Course!','<p>PLEASE&nbsp;NOTE:&nbsp;<strong>This is the&nbsp;2018 version of the course.</strong>&nbsp;It is for students who cannot update to iOS 13 or macOS Catalina. For the latest version of this course, please search for \"Angela Yu iOS 13\".</p>\r\n<p>Welcome to the&nbsp;<strong>Complete iOS App Development Bootcamp</strong>. With over 23,000 ratings and a 4.8 average my iOS course is the HIGHEST&nbsp;RATED iOS Course in the history of Udemy!&nbsp;</p>\r\n<p>At 50+ hours, this iOS 12 course is the&nbsp;<strong>most comprehensive</strong>&nbsp;iOS development course online!</p>\r\n<p>This Swift 4.2&nbsp;course is based on our<strong>&nbsp;in-person</strong>&nbsp;app development bootcamp in London, where we\'ve perfected the curriculum over 3&nbsp;years of in-person teaching.&nbsp;</p>\r\n<p>Our complete app development bootcamp teaches you how to code using Swift 4.2&nbsp;and&nbsp;build&nbsp;<em>beautiful</em>&nbsp;iOS 12&nbsp;apps for iPhone and iPad. Even if you have&nbsp;<strong>ZERO</strong>&nbsp;programming experience.</p>\r\n<p>I\'ll take you step-by-step through engaging and fun video tutorials and teach you everything you need to know to succeed as an iOS app developer.</p>\r\n<p>The course includes 50+<strong>&nbsp;hours</strong>&nbsp;of HD video tutorials and builds your programming knowledge while making real world apps. e.g. Pokemon Go, Whatsapp, QuizUp and&nbsp;Yahoo Weather.</p>\r\n<p>It\'s updated to include over 7 hours of content on Apple\'s brand new&nbsp;<strong>ARKit</strong>&nbsp;<strong>2</strong>&nbsp;for making&nbsp;<strong>Augmented Reality</strong>&nbsp;apps as well as&nbsp;<strong>CoreML2 &amp; CreateML</strong>&nbsp;for making intelligent apps with&nbsp;<strong>Machine Learning</strong>. You\'ll be building your own machine learning models that use Artificial Intelligence to recognise images and emotions in tweets. You\'ll also be building 3D augmented reality apps that look like Pokemon Go and Harry Potter\'s magical newspapers!</p>\r\n<p>By the end of this course, you will be&nbsp;<strong>fluently</strong>&nbsp;programming in&nbsp;<strong>Swift 4.2</strong>&nbsp;and be ready to make your own apps&nbsp;or start a freelancing job as an iOS 12 developer.</p>\r\n<p>You\'ll also have a portfolio of over 25 apps that you can show off to any potential employer.</p>',2,NULL,2,25,'2023-01-11',0,0);
/*!40000 ALTER TABLE `courses` ENABLE KEYS */;
UNLOCK TABLES;

--
-- Table structure for table `feedbacks`
--

DROP TABLE IF EXISTS `feedbacks`;
/*!40101 SET @saved_cs_client     = @@character_set_client */;
/*!50503 SET character_set_client = utf8mb4 */;
CREATE TABLE `feedbacks` (
  `fbID` int(11) NOT NULL AUTO_INCREMENT,
  `userID` int(11) DEFAULT NULL,
  `courseID` varchar(45) DEFAULT NULL,
  `author` varchar(45) DEFAULT NULL,
  `content` longtext,
  `rating` int(11) DEFAULT '0',
  `date` date DEFAULT NULL,
  PRIMARY KEY (`fbID`)
) ENGINE=InnoDB AUTO_INCREMENT=424 DEFAULT CHARSET=utf8mb4;
/*!40101 SET character_set_client = @saved_cs_client */;

--
-- Dumping data for table `feedbacks`
--

LOCK TABLES `feedbacks` WRITE;
/*!40000 ALTER TABLE `feedbacks` DISABLE KEYS */;
INSERT INTO `feedbacks` VALUES (1,0,'2','Nivek','I love this course!',5,'2022-12-18'),(2,0,'2','Dante','This course gives me a 5000$ job!',5,'2022-12-18'),(3,0,'2','Eric','Thank you for the course!',5,'2022-12-18'),(4,0,'2','Messi','The GOAT!',5,'2022-12-19'),(5,0,'2','Ronaldo','I love this course!',4,'2022-12-19'),(6,0,'2','Naruto','I love this course!',5,'2022-12-20'),(7,0,'2','Naruto','I love this course!',5,'2022-12-20'),(8,0,'2','Naruto','I love this course!',5,'2022-12-20'),(9,0,'2','Naruto','I love this course!',5,'2022-12-20'),(10,0,'2','Naruto','I love this course!',5,'2022-12-20'),(11,0,'2','Naruto','I love this course!',5,'2022-12-20'),(12,0,'2','Naruto','I love this course!',5,'2022-12-20'),(13,0,'2','Nobita','Good!',1,'2022-12-20'),(14,0,'2','Huy','I love this course!\r\n                                            ',5,'2022-12-23'),(15,0,'2','Huy','I love this course!\r\n                                            ',5,'2022-12-23'),(16,0,'2','Huy','I love this course!\r\n                                            ',5,'2022-12-23'),(17,0,'2','Huy','I love this course!\r\n                                            ',4,'2022-12-23'),(18,0,'2','Huy','Huy\r\n                                            ',4,'2022-12-23'),(19,0,'2','Huy','Huy\r\n                                            ',4,'2022-12-23'),(23,0,'1','Huy','Good!\r\n                                            ',4,'2022-12-23'),(25,5,'1','Huy','\r\n                                            ',1,'2022-12-23'),(31,5,'2','Huy','Hey!\r\n                                            ',5,'2022-12-23'),(32,6,'2','Eric ','Really good!\r\n                                            ',5,'2022-12-23'),(33,3,'1','Truong Gia Huy','Good!\r\n                                            ',5,'2022-12-24'),(44,14,'19','V Nht K','\r\n                            5 sao               ',5,'2023-01-07'),(54,1,'34','Admin','Oh my god so good\r\n                                            ',5,'2023-01-07'),(64,3,'19','Truong Gia Huy','4 sao\r\n                                            ',4,'2023-01-07'),(74,34,'34','Ke Huy Diet','Mn hc ny qu t!                         ',2,'2023-01-07'),(84,24,'21','Nguyen Ngoc Anh Khoa','ok\r\n                                            ',3,'2023-01-07'),(94,24,'20','Nguyen Ngoc Anh Khoa','ok\r\n                                            ',4,'2023-01-07'),(104,54,'21','Ch nga','Poor quality!!! \r\n                                            ',2,'2023-01-07'),(114,24,'25','Nguyen Ngoc Anh Khoa','\r\n                                          ok  ',4,'2023-01-07'),(124,54,'34','Ch nga','Wow!!! Good Job\r\n                                            ',5,'2023-01-07'),(134,24,'22','Nguyen Ngoc Anh Khoa','good\r\n                                            ',5,'2023-01-07'),(154,1,'21','Admin','Qua hay\r\n                                            ',5,'2023-01-07'),(164,34,'21','Ke Huy Diet','Tri i khng load c video',3,'2023-01-07'),(174,54,'19','Ch nga','\r\n                     3 sao                       ',3,'2023-01-07'),(184,54,'20','Ch nga','WOW\r\n                                            ',5,'2023-01-07'),(194,34,'19','Ke Huy Diet','Kin thc c k khng i mi thng xuyn.',1,'2023-01-07'),(204,54,'22','Ch nga','Amazon!!\r\n                                            ',5,'2023-01-07'),(214,54,'25','Ch nga','Tht vng!\r\n                                            ',1,'2023-01-07'),(224,34,'22','Ke Huy Diet','K hy dit thch kha hc ny\r\n                                            ',5,'2023-01-07'),(234,54,'23','Ch nga','Could be better...\r\n                                            ',3,'2023-01-07'),(244,54,'28','Ch nga','\r\n                                            ',5,'2023-01-07'),(254,64,'30','K bt dung th','\r\n                                       Cng tm c, hc cho bit!     ',3,'2023-01-07'),(264,74,'26','Vang Nh Kht','GOOD\r\n                                            ',5,'2023-01-07'),(274,34,'94','Ke Huy Diet','N ci ta nng lm da trng thnh en.',1,'2023-01-07'),(284,3,'21','Truong Gia Huy','Good!\r\n                                            ',5,'2023-01-08'),(294,2,'21','Duong Duc Anh','Anh nay day hoc dinh qua\r\n                                            ',5,'2023-01-08'),(334,64,'34','K bt dung th','Good!\r\n                                            ',5,'2023-01-08'),(374,64,'29','K bt dung th','Hehe!\r\n                                            ',5,'2023-01-08'),(384,64,'44','K bt dung th','Hehe!\r\n                                            ',5,'2023-01-08'),(394,64,'74','K bt dung th','Okay\r\n                                            ',5,'2023-01-08'),(404,64,'124','K bt dung th','Hay\r\n                                            ',5,'2023-01-08'),(414,64,'26','K bt dung th','Good!\r\n                                            ',4,'2023-01-11');
/*!40000 ALTER TABLE `feedbacks` ENABLE KEYS */;
UNLOCK TABLES;

--
-- Table structure for table `fields`
--

DROP TABLE IF EXISTS `fields`;
/*!40101 SET @saved_cs_client     = @@character_set_client */;
/*!50503 SET character_set_client = utf8mb4 */;
CREATE TABLE `fields` (
  `fieldID` int(11) NOT NULL AUTO_INCREMENT,
  `fieldName` varchar(45) NOT NULL,
  `hidden` tinyint(4) DEFAULT '0',
  PRIMARY KEY (`fieldID`)
) ENGINE=InnoDB AUTO_INCREMENT=24 DEFAULT CHARSET=utf8mb4;
/*!40101 SET character_set_client = @saved_cs_client */;

--
-- Dumping data for table `fields`
--

LOCK TABLES `fields` WRITE;
/*!40000 ALTER TABLE `fields` DISABLE KEYS */;
INSERT INTO `fields` VALUES (1,'IT',0),(2,'Business',1),(3,'Design',0);
/*!40000 ALTER TABLE `fields` ENABLE KEYS */;
UNLOCK TABLES;

--
-- Table structure for table `lectures`
--

DROP TABLE IF EXISTS `lectures`;
/*!40101 SET @saved_cs_client     = @@character_set_client */;
/*!50503 SET character_set_client = utf8mb4 */;
CREATE TABLE `lectures` (
  `lecID` int(11) NOT NULL AUTO_INCREMENT,
  `lecName` varchar(100) DEFAULT NULL,
  `courseID` int(11) DEFAULT NULL,
  `videoURL` mediumtext,
  `order` int(11) DEFAULT NULL,
  `description` mediumtext,
  `hidden` tinyint(4) DEFAULT '0',
  PRIMARY KEY (`lecID`)
) ENGINE=InnoDB AUTO_INCREMENT=374 DEFAULT CHARSET=utf8mb4;
/*!40101 SET character_set_client = @saved_cs_client */;

--
-- Dumping data for table `lectures`
--

LOCK TABLES `lectures` WRITE;
/*!40000 ALTER TABLE `lectures` DISABLE KEYS */;
INSERT INTO `lectures` VALUES (15,'Front-End Web Development',19,'1q6Mv1C5I8ET5aaBBvYKiRvmEXIroWp_5',1,'<p>Good luck, students!</p>',0),(16,'Introduction to HTML',19,'1q6Mv1C5I8ET5aaBBvYKiRvmEXIroWp_5',2,'<p>Good luck, students!</p>',0),(17,'Introduction to CSS',19,'1FUu_xGjgzi2_cINVDCpkZl9N5CfJYEFB',3,'<p>Good luck, students!</p>',0),(18,'Introduction to JavaScript',19,'1tvibPXwdgjXR1k0h4-cyjdqC09x7RImW',4,'<p>Good luck, students!</p>',0),(19,'Introduction to React',19,'1xpY-RvUwPJ0zU2uX3qBzdwjdMp393by6',5,'<p>Good luck, students!</p>',0),(20,'Day 1 - Beginner',20,'1pvRXUiTTiXBaFN5wqXBjVjmICCTQpbdZ',1,'<p>Good luck, students!</p>',0),(21,'Day 2 - Beginner',20,'1BrOncMvAzvG_URrWREn5pTqdoc_flzEl',2,'<p>Good luck, students!</p>',0),(22,'Day 3 - Beginner',20,'1ERGh0TLX3u01hHv4qmJKqV7FagwoMjhR',3,'<p>Good luck, students!</p>',0),(23,'Day 4 - Beginner',20,'1aeFF61B_uCaKv-euu7D7Av4Kaxt5tDzV',4,'<p>Good luck, students!</p>',0),(24,'Day 5 - Beginner',20,'18PsjdQ4whzr1ygoTBqVs3IYJ_q6lvqPn',5,'<p>Good luck, students!</p>',0),(25,'Real project',19,'1jMiNzAzMNhWnjkzFWmRquy2mAuBpgDfe',6,'<p>Good luck, students!</p>',0),(26,'Introduction To Ethical Hacking and Penetration Testing',21,'17cKx-_e0c9Jyhcqv2WcPCKbYp5I5bSPb',1,'<p>Good luck, students!</p>',0),(27,'Creating your hacking environment with VirtualBox and Kali Linux.',21,'1PJ-WcoJKaCFH2c9FHPTwsIO4IqzMe5lU',2,'<p>Good luck, students!</p>',0),(28,'Getting started using ethical hacking and penetration testing',21,'1box3rDCEJQ-y2Mxv8NlJnoj_2c5kQsUv',3,'<p>Good luck, students!</p>',0),(29,'Introduction',22,'1nEqtbOgXEsSN5W53XGjKL9gF_bdpINBV',1,'<p>Good luck, students!</p>',0),(30,'Know yourself - The Threat and Vulnerability Landscape',22,'1PuG01gH-BBdedGM7m9PhHGkYFs0GT226',2,'<p>Good luck, students!</p>',0),(31,'Know your enemy - The Current Thread and Vulnerability Landscape',22,'1xs4S--7-ldfpLqOQQIfAvJgSzaQdreJ6',3,'<p>Good luck, students!</p>',0),(32,'Encryption Crash Course',22,'1xs4S--7-ldfpLqOQQIfAvJgSzaQdreJ6',4,'<p>Good luck, students!</p>',0),(33,'Security Domains',22,'1xs4S--7-ldfpLqOQQIfAvJgSzaQdreJ6',5,'<p>Good luck, students!</p>',0),(34,'Introduction',23,'1xs4S--7-ldfpLqOQQIfAvJgSzaQdreJ6',1,'<p>Good luck, students!</p>',0),(35,'Setting Up Our Hacking Lab',23,'1xs4S--7-ldfpLqOQQIfAvJgSzaQdreJ6',2,'<p>Good luck, students!</p>',0),(36,'Linux Operating System',23,'1xs4S--7-ldfpLqOQQIfAvJgSzaQdreJ6',3,'<p>Good luck, students!</p>',0),(37,'Scanning',23,'1xs4S--7-ldfpLqOQQIfAvJgSzaQdreJ6',4,'<p>Good luck, students!</p>',0),(38,'Vulnerability Analysis',23,'1xs4S--7-ldfpLqOQQIfAvJgSzaQdreJ6',5,'<p>Good luck, students!</p>',0),(39,'Introduction',25,'1JCBdbFpbvIqqk0_cUI5fEDNGCTqos2ZK',1,'<p>Good luck, students!</p>',0),(40,'Linux Basics',25,'1JCBdbFpbvIqqk0_cUI5fEDNGCTqos2ZK',2,'<p>Good luck, students!</p>',0),(41,'Network Hacking',25,'1JCBdbFpbvIqqk0_cUI5fEDNGCTqos2ZK',3,'<p>Good luck, students!</p>',0),(42,'Gaining Access To Computers',25,'1JCBdbFpbvIqqk0_cUI5fEDNGCTqos2ZK',4,'<p>Good luck, students!</p>',0),(43,'Post Exploitation',25,'1JCBdbFpbvIqqk0_cUI5fEDNGCTqos2ZK',5,'<p>Good luck, students!</p>',0),(44,'Course Introduction',26,'1JCBdbFpbvIqqk0_cUI5fEDNGCTqos2ZK',1,'<p>Good luck, students!</p>',0),(45,'Preparation - Linux Basics',26,'1JCBdbFpbvIqqk0_cUI5fEDNGCTqos2ZK',2,'<p>Good luck, students!</p>',0),(46,'Website Basics',26,'1JCBdbFpbvIqqk0_cUI5fEDNGCTqos2ZK',3,'<p>Good luck, students!</p>',0),(47,'Information Gathering',26,'1JCBdbFpbvIqqk0_cUI5fEDNGCTqos2ZK',4,'<p>Good luck, students!</p>',0),(48,'SQL Injection Vulnerability',26,'1JCBdbFpbvIqqk0_cUI5fEDNGCTqos2ZK',5,'<p>Good luck, students!</p>',0),(49,'Introduction',27,'1JCBdbFpbvIqqk0_cUI5fEDNGCTqos2ZK',1,'<p>Good luck, students!</p>',0),(50,'Writing an ARP Spoofer',27,'1JCBdbFpbvIqqk0_cUI5fEDNGCTqos2ZK',2,'<p>Good luck, students!</p>',0),(51,'Writing a Packet Sniffer',27,'1JCBdbFpbvIqqk0_cUI5fEDNGCTqos2ZK',3,'<p>Good luck, students!</p>',0),(52,'Writing a DNS Spoofer',27,'1JCBdbFpbvIqqk0_cUI5fEDNGCTqos2ZK',4,'<p>Good luck, students!</p>',0),(53,'Bypassing HTTPS',27,'1JCBdbFpbvIqqk0_cUI5fEDNGCTqos2ZK',5,'<p>Good luck, students!</p>',0),(54,'Welcome, Welcome, Welcome!',28,'1JCBdbFpbvIqqk0_cUI5fEDNGCTqos2ZK',1,'<p>Good luck, students!</p>',0),(55,'HTML - Building the App Skeleton',28,'1JCBdbFpbvIqqk0_cUI5fEDNGCTqos2ZK',2,'<p>Good luck, students!</p>',0),(56,'CSS - Styling the App',28,'1JCBdbFpbvIqqk0_cUI5fEDNGCTqos2ZK',3,'<p>Good luck, students!</p>',0),(57,'React - Building the Final App',28,'1JCBdbFpbvIqqk0_cUI5fEDNGCTqos2ZK',4,'<p>Good luck, students!</p>',0),(58,'The End!',28,'1JCBdbFpbvIqqk0_cUI5fEDNGCTqos2ZK',5,'<p>Good luck, students!</p>',0),(59,'OWASP Top 10 Most Critical Web Application Security Risks',29,'1JCBdbFpbvIqqk0_cUI5fEDNGCTqos2ZK',1,'<p>Good luck, students!</p>',0),(60,'Finalised top 10 in 2017',29,'1JCBdbFpbvIqqk0_cUI5fEDNGCTqos2ZK',2,'<p>Good luck, students!</p>',0),(61,'New in 2021',29,'1JCBdbFpbvIqqk0_cUI5fEDNGCTqos2ZK',3,'<p>Good luck, students!</p>',0),(62,'Extra tips!',29,'1JCBdbFpbvIqqk0_cUI5fEDNGCTqos2ZK',4,'<p>Good luck, students!</p>',0),(63,'Even more additional videos!',29,'1JCBdbFpbvIqqk0_cUI5fEDNGCTqos2ZK',5,'<p>Good luck, students!</p>',0),(64,'Getting Started',30,'1JCBdbFpbvIqqk0_cUI5fEDNGCTqos2ZK',1,'<p>Good luck, students!</p>',0),(65,'Nuts and Bolts',30,'1JCBdbFpbvIqqk0_cUI5fEDNGCTqos2ZK',2,'<p>Good luck, students!</p>',0),(66,'Beans and Forms',30,'1JCBdbFpbvIqqk0_cUI5fEDNGCTqos2ZK',3,'<p>Good luck, students!</p>',0),(67,'Some Useful Objects',30,'1JCBdbFpbvIqqk0_cUI5fEDNGCTqos2ZK',4,'<p>Good luck, students!</p>',0),(68,'Databases',30,'1JCBdbFpbvIqqk0_cUI5fEDNGCTqos2ZK',5,'<p>Good luck, students!</p>',0),(74,'Getting Started',34,'1Q1nK7YlPW5QieWBS7idt9Os4pS4g3Opy',1,'<p>Good luck, students!</p>',0),(84,'The Basics',34,'1CM_GKt-OcXrw7c7heab_hjLIu0FDvJet',2,'<p>Good luck, students!</p>',0),(94,'Course Project - The Basics',34,'1hAScDoLmG1JhPWELzubLze7RTIJrFkB8',3,'<p>Good luck, students!</p>',0),(104,'Debugging',34,'1Bnr2vH8NYZQsFFeHPHhuxwO67i1BQZoH',4,'<p>Good luck, students!</p>',0),(114,'Directives Deep Dive',34,'11SV_FzEo7TVpTmc8TpKSYiVmC05makcs',5,'<p>Good luck, students!</p>',0),(124,'Let\'s Dive In!',44,'1gaUwo4OpYruEI-XD7KV7Iiut5GTQHuyI',1,'<p>Good luck, students!</p>',0),(134,'Creating Content With JSX',44,'19VV3pO3wR53L2chdbK_4c44G3jZFcCCN',2,'<p>Good luck, students!</p>',0),(144,'Using an API with React',44,'19Hdhz7hkyfjFKN39Vhmyd0ewiUHBWxKH',3,'<p>Good luck, students!</p>',0),(154,'How to Handle Forms',44,'125xaBpMi09m9WvMz9Cq7y2OlYLJI-Shl',4,'<p>Good luck, students!</p>',0),(164,'Deeper Dive into Hooks!',44,'13Lf-LKBW9wulxRT2Ytsn__6V3MG8LV-n',5,'<p>Good luck, students!</p>',0),(174,'Getting Started',54,'1hWyFl5eUIVztoW8DDNPe5CY-CMGYIDUu',1,'<p>Good luck, students!</p>',0),(184,'Swift Programming Basics Challenge',54,'1p3OrEBHkjZcfUwgrAM7CeQlA5y0rv2bW',2,'<p>Good luck, students!</p>',0),(194,'Auto Layout and Responsive UIs',54,'1OlQsu70BI1x8vFL0yi96oT8AIPh5Bbk_',3,'<p>Good luck, students!</p>',0),(204,'Introduction to Cross-Platform Development with Flutter and Dart',64,'1C_PHcmAiDjuyGg5prEM846iqIwLbvVvt',1,'<p>Good luck, students!</p>',0),(214,'Setup and Installation',64,'1KJH6C4cFdcvvxOcm9GNfcohfux7XJw_0',2,'<p>Good luck, students!</p>',0),(224,'Introduction',74,'1KJH6C4cFdcvvxOcm9GNfcohfux7XJw_0',1,'<p>Good luck, students!</p>',0),(234,'Your First App: Hello Purr',74,'1KJH6C4cFdcvvxOcm9GNfcohfux7XJw_0',2,'<p>Good luck, students!</p>',0),(244,'Project 1: Calculator Application for Android',84,'1KJH6C4cFdcvvxOcm9GNfcohfux7XJw_0',1,'<p>Good luck, students!</p>',0),(254,'Project 2: Number Guessing Game in Android',84,'1KJH6C4cFdcvvxOcm9GNfcohfux7XJw_0',2,'<p>Good luck, students!</p>',0),(264,'Welcome!',94,'1KJH6C4cFdcvvxOcm9GNfcohfux7XJw_0',1,'<p>Good luck, students!</p>',0),(274,'HTML Essentials',94,'1KJH6C4cFdcvvxOcm9GNfcohfux7XJw_0',2,'<p>Good luck, students!</p>',0),(284,'Introduction to the Course',104,'1KJH6C4cFdcvvxOcm9GNfcohfux7XJw_0',1,'<p>Good luck, students!</p>',0),(294,'The Gutenberg Editor',104,'1KJH6C4cFdcvvxOcm9GNfcohfux7XJw_0',2,'<p>Good luck, students!</p>',0),(304,'Introduction',114,'1KJH6C4cFdcvvxOcm9GNfcohfux7XJw_0',1,'<p>Good luck, students!</p>',0),(314,'The First Pillar of Web Design',114,'1KJH6C4cFdcvvxOcm9GNfcohfux7XJw_0',2,'<p>Good luck, students!</p>',0),(324,'Introduction',124,'1kRVeM41IEIELrt68eWOKs2booUowdxr7',1,'<p>Good luck, students!</p>',0),(334,'iOS Interface Builder',124,'1Y-gC6V_idsYS3XaoQm7Q_d4vSKehiVCy',2,'<p>Good luck, students!</p>',0),(344,'Running your App on a real device',124,'1lKWVActAqm0P-Eh5J4s6LwBC1E5aHbx0',3,'<p>Good luck, students!</p>',0),(364,'Real project',124,'1sXuHPtSo8ViH6JZ2eYh5OAg-gy7hYCjI',4,'<p>Good luck, students!</p>',0);
/*!40000 ALTER TABLE `lectures` ENABLE KEYS */;
UNLOCK TABLES;

--
-- Table structure for table `my-courses`
--

DROP TABLE IF EXISTS `my-courses`;
/*!40101 SET @saved_cs_client     = @@character_set_client */;
/*!50503 SET character_set_client = utf8mb4 */;
CREATE TABLE `my-courses` (
  `userID` int(11) NOT NULL,
  `courseID` int(11) NOT NULL,
  PRIMARY KEY (`userID`,`courseID`)
) ENGINE=InnoDB DEFAULT CHARSET=utf8mb4;
/*!40101 SET character_set_client = @saved_cs_client */;

--
-- Dumping data for table `my-courses`
--

LOCK TABLES `my-courses` WRITE;
/*!40000 ALTER TABLE `my-courses` DISABLE KEYS */;
INSERT INTO `my-courses` VALUES (1,21),(1,34),(2,21),(3,19),(3,20),(3,21),(3,22),(3,54),(3,64),(3,124),(14,19),(24,20),(24,21),(24,22),(24,25),(34,19),(34,21),(34,22),(34,34),(34,94),(54,19),(54,20),(54,21),(54,22),(54,23),(54,25),(54,28),(54,34),(64,26),(64,29),(64,30),(64,34),(64,44),(64,74),(64,124),(74,21),(74,26),(74,28);
/*!40000 ALTER TABLE `my-courses` ENABLE KEYS */;
UNLOCK TABLES;

--
-- Table structure for table `server-variables`
--

DROP TABLE IF EXISTS `server-variables`;
/*!40101 SET @saved_cs_client     = @@character_set_client */;
/*!50503 SET character_set_client = utf8mb4 */;
CREATE TABLE `server-variables` (
  `svID` int(11) NOT NULL AUTO_INCREMENT,
  `lastReset` date DEFAULT NULL,
  PRIMARY KEY (`svID`)
) ENGINE=InnoDB AUTO_INCREMENT=2 DEFAULT CHARSET=utf8mb4;
/*!40101 SET character_set_client = @saved_cs_client */;

--
-- Dumping data for table `server-variables`
--

LOCK TABLES `server-variables` WRITE;
/*!40000 ALTER TABLE `server-variables` DISABLE KEYS */;
INSERT INTO `server-variables` VALUES (1,'2023-01-07');
/*!40000 ALTER TABLE `server-variables` ENABLE KEYS */;
UNLOCK TABLES;

--
-- Table structure for table `sessions`
--

DROP TABLE IF EXISTS `sessions`;
/*!40101 SET @saved_cs_client     = @@character_set_client */;
/*!50503 SET character_set_client = utf8mb4 */;
CREATE TABLE `sessions` (
  `sid` varchar(255) NOT NULL DEFAULT '',
  `sess` text NOT NULL,
  `expired` datetime NOT NULL,
  PRIMARY KEY (`sid`),
  KEY `sessions_expired_index` (`expired`)
) ENGINE=InnoDB DEFAULT CHARSET=utf8;
/*!40101 SET character_set_client = @saved_cs_client */;

--
-- Dumping data for table `sessions`
--

LOCK TABLES `sessions` WRITE;
/*!40000 ALTER TABLE `sessions` DISABLE KEYS */;
INSERT INTO `sessions` VALUES ('40RFWrJnJv5PGjuhs68apnL9GXVTTaDO','{\"cookie\":{\"originalMaxAge\":null,\"expires\":null,\"httpOnly\":true,\"path\":\"/\"},\"auth\":false,\"retUrl\":\"/\",\"authUser\":null}','2023-01-12 10:22:42'),('ddZ_P_f7TZSujmTtdrGTIwLomyysLJmT','{\"cookie\":{\"originalMaxAge\":null,\"expires\":null,\"httpOnly\":true,\"path\":\"/\"},\"auth\":false,\"retUrl\":\"/admin/fields\",\"authUser\":null}','2023-01-12 10:23:44'),('f1QeFdRkf-ElSv9vfsn3kxpL0883J71M','{\"cookie\":{\"originalMaxAge\":null,\"expires\":null,\"httpOnly\":true,\"path\":\"/\"},\"auth\":true,\"retUrl\":\"/my-courses\",\"authUser\":{\"userID\":1,\"name\":\"Admin\",\"email\":\"admin@5horses.com\",\"introduction\":null,\"balance\":null,\"role\":\"ROLE.ADMIN\",\"dob\":\"2022-12-21\",\"verifyEmail\":1}}','2023-01-12 08:49:44'),('i8oSsMICKCA7EL3TZGqIwaYg8-R8KGX1','{\"cookie\":{\"originalMaxAge\":null,\"expires\":null,\"httpOnly\":true,\"path\":\"/\"},\"auth\":true,\"retUrl\":\"/lectures/users/364\",\"authUser\":{\"userID\":64,\"name\":\"K bt dung th\",\"email\":\"khang2@gmail.com\",\"introduction\":null,\"balance\":null,\"role\":\"ROLE.USER\",\"dob\":\"2002-02-19\",\"verifyEmail\":1}}','2023-01-12 10:58:11'),('qJQsoWHoJ3xaHeIvx1DZfPRMb1Yd8nC4','{\"cookie\":{\"originalMaxAge\":null,\"expires\":null,\"httpOnly\":true,\"path\":\"/\"},\"auth\":false,\"retUrl\":\"/\"}','2023-01-12 09:04:20'),('uesrdn3AmGuzMWergafMOYzXhfIrA3Xn','{\"cookie\":{\"originalMaxAge\":null,\"expires\":null,\"httpOnly\":true,\"path\":\"/\"},\"auth\":true,\"retUrl\":\"/\",\"authUser\":{\"userID\":34,\"name\":\"Ke Huy Diet\",\"email\":\"kehuydiet@gmail.com\",\"introduction\":null,\"balance\":null,\"role\":\"ROLE.TEACHER\",\"dob\":\"2002-05-11\",\"verifyEmail\":1}}','2023-01-12 10:48:52'),('wNqjCwCgfPTsde5CX94qd23vWwCgxAKF','{\"cookie\":{\"originalMaxAge\":null,\"expires\":null,\"httpOnly\":true,\"path\":\"/\"},\"auth\":false,\"retUrl\":\"/users/login\"}','2023-01-12 08:33:25');
/*!40000 ALTER TABLE `sessions` ENABLE KEYS */;
UNLOCK TABLES;

--
-- Table structure for table `teachers`
--

DROP TABLE IF EXISTS `teachers`;
/*!40101 SET @saved_cs_client     = @@character_set_client */;
/*!50503 SET character_set_client = utf8mb4 */;
CREATE TABLE `teachers` (
  `teacherID` int(11) NOT NULL AUTO_INCREMENT,
  `teacherName` varchar(100) DEFAULT NULL,
  `numCourses` int(11) DEFAULT NULL,
  `teacherBio` mediumtext,
  `description` mediumtext,
  `rating` decimal(2,1) DEFAULT NULL,
  `totals_stu` int(11) DEFAULT NULL,
  `reviews` int(11) DEFAULT NULL,
  `websites` mediumtext,
  `fb_link` mediumtext,
  `linkedin` mediumtext,
  `avatar` mediumtext,
  `bground` mediumtext,
  `email` varchar(100) DEFAULT NULL,
  `userID` int(11) DEFAULT NULL,
  PRIMARY KEY (`teacherID`)
) ENGINE=InnoDB AUTO_INCREMENT=24 DEFAULT CHARSET=utf8mb4;
/*!40101 SET character_set_client = @saved_cs_client */;

--
-- Dumping data for table `teachers`
--

LOCK TABLES `teachers` WRITE;
/*!40000 ALTER TABLE `teachers` DISABLE KEYS */;
INSERT INTO `teachers` VALUES (1,'V Nht Kkhang',5,'Developer and Lead Instructor','I\'m Angela, I\'m a developer with a passion for teaching. I\'m the lead instructor at the London App Brewery, London\'s leading Programming Bootcamp. I\'ve helped hundreds of thousands of students learn to code and change their lives by becoming a developer. I\'ve been invited by companies such as Twitter, Facebook and Google to teach their employees.\n\nMy first foray into programming was when I was just 12 years old, wanting to build my own Space Invader game. Since then, I\'ve made hundred of websites, apps and games. But most importantly, I realised that my greatest passion is teaching.\n\nI spend most of my time researching how to make learning to code fun and make hard concepts easy to understand. I apply everything I discover into my bootcamp courses. In my courses, you\'ll find lots of geeky humour but also lots of explanations and animations to make sure everything is easy to understand.\n\nI\'ll be there for you every step of the way.',5.0,50,10000,'siu.com','fb.com','linkedin.com','1Ul94zXgUvEXv7df4qGCJRwQmXzB0CyLs','11LTIF9pR0yXYe5QS-zMUkzkRFFce3vIC','khang@gmail.com',4),(2,'Duong Duc Anh',9,'Penetration tester','<p>10 years of InfoSec experience</p>\r\n<p>Successful InfoSec start-up founder</p>\r\n<p>Proven track record in information security community</p>\r\n<p>Disclosed vulnerabilities in NASA ,Tedx&nbsp; , Forbes ;etc.</p>\r\n<p>Security enthusiast</p>\r\n<p>A security monk</p>\r\n<p>That day is not far where our lives will be governed by artificial intelligence and machines will surpass human intelligence achieving singularity.&nbsp;</p>',3.4,16,14,NULL,'Not have facebook link','Not have linkedin','1QOwMvD6qHf8jBGZJPDLdSlU39DIjSeNp',NULL,'duongducanh6101@gmail.com',2),(3,'Angela Yu',5,'Developer and Lead Instructor','<p>I\'m Angela, I\'m a developer with a passion for teaching. I\'m the&nbsp;<strong>lead instructor</strong>&nbsp;at the London App Brewery, London\'s leading&nbsp;<strong>Programming Bootcamp</strong>. I\'ve helped hundreds of thousands of students learn to code and change their lives by becoming a developer. I\'ve been invited by companies such as Twitter, Facebook and Google to teach their employees.</p>\r\n<p>My first foray into programming was when I was just 12 years old, wanting to build my own Space Invader game. Since then, I\'ve made&nbsp;<strong>hundred of websites, apps and games</strong>. But most importantly, I realised that my&nbsp;<strong>greatest passion</strong>&nbsp;is teaching.</p>\r\n<p>I spend most of my time researching how to make&nbsp;<strong>learning to code fun</strong>&nbsp;and make&nbsp;<strong>hard concepts easy to understand</strong>. I apply everything I discover into my bootcamp courses. In my courses, you\'ll find lots of geeky humour but also lots of&nbsp;<strong>explanations and animations</strong>&nbsp;to make sure everything is easy to understand.</p>\r\n<p><strong>I\'ll be there for you every step of the way.</strong></p>',3.9,8,7,NULL,'Not have facebook link','Not have linkedin','1c44DLktfriSZDiQdx-BlMwJgIylvz8UI',NULL,'angelayu@gmail.com',12),(4,'Truong Gia Huy',7,'Web Developer, Designer, and Teacher','<p>Hi, I\'m Huy! I have been identified as one of&nbsp;Udemy\'s Top Instructors and all my premium courses have earned the best-selling status for outstanding performance and student satisfaction.</p>\r\n<p>I\'m a full-stack web developer and designer with a passion for building beautiful things from scratch. I\'ve been building websites and apps since 2010 and also have a Master\'s degree in Engineering.</p>\r\n<p>I discovered my passion for teaching and helping others by sharing all I knew when I&nbsp;was in college, and that passion brought me to Udemy in 2015.</p>\r\n<p>Here, in all my courses, what students love the most is that I take the time to explain every concept in a way that everyone can easily understand.</p>\r\n<p><strong><em>So, do you want to learn how to build awesome websites with modern HTML&nbsp;and CSS?</em></strong></p>\r\n<p><strong><em>Looking for a complete JavaScript course that takes you from zero to an advanced developer?</em></strong></p>\r\n<p><strong><em>Or maybe you want to build modern and fast back-end applications with Node.js?</em></strong></p>\r\n<p>Then don\'t waste your time with random tutorials or incomplete youtube videos. All my courses are easy-to-follow, all-in-one packages that will take your skills to the next level.</p>\r\n<p><em>These courses are exactly the courses I wish I had when I was first getting into web development!</em></p>\r\n<p>So see for yourself, enroll in one of my courses (or all of them :D) and join&nbsp;<strong>1,000,000+</strong>&nbsp;happy students today.</p>',4.5,9,9,NULL,'Not have facebook link','Not have linkedin','10QibPT8M0Ty8qv5PM9m8l-CHJtmOsoxS',NULL,'truonghuy@gmail.com',3),(14,'Ke Huy Diet',NULL,'Tri t sinh ra vn vt sinh ra','<div>\r\n<div>\r\n<div role=\"heading\" aria-level=\"2\"><strong>Gii thiu</strong></div>\r\n</div>\r\n</div>\r\n<div>\r\n<div data-hveid=\"CFAQAA\">\r\n<div>\r\n<div>\r\n<div data-ved=\"2ahUKEwjtxsa0lbb8AhUxCrcAHXFwBskQkCl6BAg_EAA\" data-hveid=\"CD8QAA\" data-md=\"50\">\r\n<div data-ved=\"2ahUKEwjtxsa0lbb8AhUxCrcAHXFwBskQziAoAHoECD8QAQ\" data-hveid=\"CD8QAQ\" data-attrid=\"description\">\r\n<div>\r\n<div>\r\n<div>&nbsp;</div>\r\n</div>\r\n</div>\r\n</div>\r\n</div>\r\n</div>\r\n</div>\r\n</div>\r\n</div>\r\n<div data-ved=\"2ahUKEwjtxsa0lbb8AhUxCrcAHXFwBskQkCl6BAg_EAA\" data-hveid=\"CD8QAA\" data-md=\"50\">\r\n<div data-ved=\"2ahUKEwjtxsa0lbb8AhUxCrcAHXFwBskQziAoAHoECD8QAQ\" data-hveid=\"CD8QAQ\" data-attrid=\"description\">\r\n<div>\r\n<div>&nbsp;</div>\r\n</div>\r\n</div>\r\n</div>\r\n<div data-ved=\"2ahUKEwjtxsa0lbb8AhUxCrcAHXFwBskQkCl6BAg8EAA\" data-hveid=\"CDwQAA\" data-md=\"1001\" data-attrid=\"kc:/sports/pro_athlete:salary\">\r\n<div>\r\n<div data-ved=\"2ahUKEwjtxsa0lbb8AhUxCrcAHXFwBskQyxMoAHoECDwQAQ\">\r\n<div>\r\n<div>\r\n<div>\r\n<div>&nbsp;</div>\r\n</div>\r\n</div>\r\n<div>\r\n<div>\r\n<div>\r\n<div><img src=\"https://static.xx.fbcdn.net/rsrc.php/v3/yG/r/H804hWf2rBh.png\" alt=\"\" width=\"20\" height=\"20\"></div>\r\n<div>\r\n<div>\r\n<div><span dir=\"auto\">Tng hc ti <a tabindex=\"0\" role=\"link\" href=\"https://www.facebook.com/thptchuyenhoanglekhatayninh\">THPT Chuy&ecirc;n Ho&agrave;ng L&ecirc; Kha- T&acirc;y Ninh</a></span></div>\r\n</div>\r\n</div>\r\n</div>\r\n<div>\r\n<div><img src=\"https://static.xx.fbcdn.net/rsrc.php/v3/yG/r/H804hWf2rBh.png\" alt=\"\" width=\"20\" height=\"20\"></div>\r\n<div>\r\n<div>\r\n<div><span dir=\"auto\">Hc ti <a tabindex=\"0\" role=\"link\" href=\"https://www.facebook.com/VNUHCM.US\">Trng i hc Khoa hc T nhi&ecirc;n, i hc Quc gia TP.HCM</a></span></div>\r\n</div>\r\n</div>\r\n</div>\r\n<div>\r\n<div><img src=\"https://static.xx.fbcdn.net/rsrc.php/v3/yK/r/dkccKhK21Su.png\" alt=\"\" width=\"20\" height=\"20\"></div>\r\n<div>\r\n<div>\r\n<div><span dir=\"auto\">n t <a tabindex=\"0\" role=\"link\" href=\"https://www.facebook.com/T%C3%A2y-Ninh-106279826069074/\">T&acirc;y Ninh</a></span></div>\r\n</div>\r\n</div>\r\n</div>\r\n<div>\r\n<div><img src=\"https://static.xx.fbcdn.net/rsrc.php/v3/yz/r/EUZoGZ3xZic.png\" alt=\"\" width=\"20\" height=\"20\"></div>\r\n<div>\r\n<div>\r\n<div><span dir=\"auto\">C&oacute; <a tabindex=\"0\" role=\"link\" href=\"https://www.facebook.com/phanhuy0/followers\" aria-invalid=\"true\">331 ngi</a> theo d&otilde;i</span></div>\r\n</div>\r\n</div>\r\n</div>\r\n<div>\r\n<div><img src=\"https://static.xx.fbcdn.net/rsrc.php/v3/yB/r/1CEpdEfs9Bi.png\" alt=\"\" width=\"20\" height=\"20\"></div>\r\n<div>\r\n<div>\r\n<div><span dir=\"auto\"><a tabindex=\"0\" role=\"link\" href=\"https://l.facebook.com/l.php?u=https%3A%2F%2Fwww.instagram.com%2Fphanhuy1.1%3Ffbclid%3DIwAR3Ln6dAYpO95tU7w9wN9s9nDaT3i1XFEIMfxnU1rQFPh_yFe0oj384iiYY&amp;h=AT0eRABKLXsXzniPFR6O5aT30FQOvA8hh7u_eTLyh-u-T-tvhvzwlU3JC24ehyTwhZskOynFTuCYwd7tCXzbVEPILKORzewrv5RKXESGkt-6VP_tyZoCNxc8Vh8cdXq91P5M\" target=\"_blank\" rel=\"nofollow noopener\">phanhuy1.1</a></span></div>\r\n</div>\r\n</div>\r\n</div>\r\n<div>\r\n<div style=\"text-align: justify;\"><img src=\"https://static.xx.fbcdn.net/rsrc.php/v3/y-/r/DzX7o-tOmJ6.png\" alt=\"\" width=\"20\" height=\"20\"></div>\r\n<div>\r\n<div><a tabindex=\"0\" role=\"link\" href=\"https://phanhuy172.tumblr.com/?fbclid=IwAR1FBGQOdvr6jGe6E8UP2mepyB6Ji6BjuGVhpRXlepl9p-F1dktgEhf7fI4\" target=\"_blank\" rel=\"nofollow noopener\">\r\n<div>\r\n<div><span dir=\"auto\">phanhuy172.tumblr.com</span></div>\r\n</div>\r\n</a></div>\r\n</div>\r\n</div>\r\n</div>\r\n</div>\r\n</div>\r\n</div>\r\n</div>\r\n</div>\r\n<p><img style=\"width: 634px; height: 356.625px;\" src=\"https://library.sportingnews.com/styles/crop_style_16_9_mobile_2x/s3/2022-12/nba-plain--ac7fdb08-07e2-4a2f-b37c-1fa23fc6dec6.png?itok=AX5rpNub\" alt=\"Khi n&agrave;o Cristiano Ronaldo chi trn u ti&ecirc;n cho Al Nassr? D kin ng&agrave;y CR7  ra mt Gii V&ocirc; ch quc gia  Rp X&ecirc; &Uacute;t | Sporting News\" data-noaft=\"1\"></p>',NULL,NULL,NULL,NULL,'https://www.facebook.com/phanhuy0/','Not have linkedin','1pa9QdRtCMfuLjAEMxR9VQqajA2ubmnyu','1D1Qn4-6_MLprcypEYAyp5MEGivSilUpo','kehuydiet@gmail.com',34);
/*!40000 ALTER TABLE `teachers` ENABLE KEYS */;
UNLOCK TABLES;

--
-- Table structure for table `user-lectures`
--

DROP TABLE IF EXISTS `user-lectures`;
/*!40101 SET @saved_cs_client     = @@character_set_client */;
/*!50503 SET character_set_client = utf8mb4 */;
CREATE TABLE `user-lectures` (
  `userID` int(11) NOT NULL,
  `lecID` int(11) NOT NULL,
  `completed` int(11) DEFAULT '0',
  `courseID` int(11) DEFAULT NULL,
  `date` datetime DEFAULT NULL,
  PRIMARY KEY (`userID`,`lecID`)
) ENGINE=InnoDB DEFAULT CHARSET=utf8mb4;
/*!40101 SET character_set_client = @saved_cs_client */;

--
-- Dumping data for table `user-lectures`
--

LOCK TABLES `user-lectures` WRITE;
/*!40000 ALTER TABLE `user-lectures` DISABLE KEYS */;
INSERT INTO `user-lectures` VALUES (1,26,0,21,'2023-01-07 19:05:39'),(1,27,0,21,NULL),(1,28,0,21,NULL),(1,74,0,34,'2023-01-07 18:20:37'),(1,84,0,34,NULL),(1,94,0,34,NULL),(1,104,0,34,NULL),(1,114,0,34,NULL),(2,26,0,21,'2023-01-08 05:32:57'),(2,27,0,21,NULL),(2,28,0,21,NULL),(3,15,0,19,'2023-01-07 18:00:09'),(3,16,0,19,'2023-01-08 05:15:51'),(3,17,0,19,NULL),(3,18,0,19,NULL),(3,19,0,19,NULL),(3,20,0,20,'2023-01-09 17:03:58'),(3,21,0,20,NULL),(3,22,0,20,NULL),(3,23,0,20,NULL),(3,24,0,20,NULL),(3,25,0,19,NULL),(3,26,1,21,'2023-01-08 05:35:56'),(3,27,1,21,NULL),(3,28,1,21,'2023-01-11 16:57:36'),(3,29,1,22,'2023-01-11 16:07:25'),(3,30,1,22,NULL),(3,31,1,22,NULL),(3,32,0,22,NULL),(3,33,0,22,NULL),(3,174,1,54,'2023-01-11 17:09:49'),(3,184,0,54,NULL),(3,194,0,54,NULL),(3,204,0,64,NULL),(3,214,0,64,NULL),(3,364,0,124,NULL),(14,15,0,19,'2023-01-07 17:58:44'),(14,16,0,19,NULL),(14,17,0,19,NULL),(14,18,0,19,NULL),(14,19,0,19,NULL),(14,25,0,19,NULL),(24,20,0,20,'2023-01-07 18:00:50'),(24,21,0,20,'2023-01-07 18:20:53'),(24,22,0,20,NULL),(24,23,0,20,NULL),(24,24,0,20,NULL),(24,26,0,21,'2023-01-08 15:35:50'),(24,27,0,21,NULL),(24,28,0,21,NULL),(24,29,0,22,'2023-01-07 18:18:00'),(24,30,0,22,NULL),(24,31,0,22,NULL),(24,32,0,22,NULL),(24,33,0,22,NULL),(24,39,0,25,'2023-01-07 18:17:33'),(24,40,0,25,NULL),(24,41,0,25,NULL),(24,42,0,25,NULL),(24,43,0,25,NULL),(34,15,0,19,'2023-01-07 18:20:43'),(34,16,0,19,NULL),(34,17,0,19,NULL),(34,18,0,19,NULL),(34,19,0,19,NULL),(34,25,0,19,NULL),(34,26,0,21,'2023-01-11 10:48:33'),(34,27,0,21,NULL),(34,28,0,21,NULL),(34,29,0,22,'2023-01-07 18:22:08'),(34,30,0,22,NULL),(34,31,0,22,NULL),(34,32,0,22,NULL),(34,33,0,22,NULL),(34,74,0,34,'2023-01-07 18:21:30'),(34,84,0,34,NULL),(34,94,0,34,NULL),(34,104,0,34,NULL),(34,114,0,34,NULL),(34,264,0,94,'2023-01-07 19:06:51'),(34,274,0,94,NULL),(54,15,0,19,'2023-01-07 18:18:39'),(54,16,0,19,NULL),(54,17,0,19,NULL),(54,18,0,19,NULL),(54,19,0,19,NULL),(54,20,0,20,'2023-01-07 18:22:30'),(54,21,0,20,NULL),(54,22,0,20,NULL),(54,23,0,20,NULL),(54,24,0,20,NULL),(54,25,0,19,NULL),(54,26,0,21,'2023-01-07 18:18:10'),(54,27,0,21,NULL),(54,28,0,21,NULL),(54,29,0,22,'2023-01-07 18:21:00'),(54,30,0,22,NULL),(54,31,0,22,NULL),(54,32,0,22,NULL),(54,33,0,22,NULL),(54,34,0,23,'2023-01-07 18:22:09'),(54,35,0,23,NULL),(54,36,0,23,NULL),(54,37,0,23,NULL),(54,38,0,23,NULL),(54,39,0,25,'2023-01-07 18:21:40'),(54,40,0,25,NULL),(54,41,0,25,NULL),(54,42,0,25,NULL),(54,43,0,25,NULL),(54,54,0,28,'2023-01-07 18:22:48'),(54,55,0,28,NULL),(54,56,0,28,NULL),(54,57,0,28,NULL),(54,58,0,28,NULL),(54,74,0,34,'2023-01-07 18:18:22'),(54,84,0,34,NULL),(54,94,0,34,NULL),(54,104,0,34,NULL),(54,114,0,34,NULL),(64,44,0,26,'2023-01-11 08:37:05'),(64,45,0,26,NULL),(64,46,0,26,NULL),(64,47,0,26,NULL),(64,48,0,26,NULL),(64,59,0,29,'2023-01-08 06:10:40'),(64,60,0,29,NULL),(64,61,0,29,NULL),(64,62,0,29,NULL),(64,63,0,29,NULL),(64,64,0,30,'2023-01-11 08:35:43'),(64,65,0,30,NULL),(64,66,0,30,NULL),(64,67,0,30,NULL),(64,68,0,30,NULL),(64,74,0,34,'2023-01-08 05:55:24'),(64,84,0,34,NULL),(64,94,0,34,NULL),(64,104,0,34,NULL),(64,114,0,34,NULL),(64,124,0,44,'2023-01-08 06:11:06'),(64,134,0,44,NULL),(64,144,0,44,NULL),(64,154,0,44,NULL),(64,164,0,44,NULL),(64,224,0,74,'2023-01-08 06:13:15'),(64,234,0,74,NULL),(64,324,0,124,'2023-01-11 17:57:54'),(64,334,0,124,NULL),(64,344,0,124,'2023-01-11 17:58:04'),(64,364,0,124,'2023-01-11 17:58:09'),(74,26,0,21,'2023-01-07 18:34:58'),(74,27,0,21,NULL),(74,28,0,21,NULL),(74,44,0,26,'2023-01-07 18:33:53'),(74,45,0,26,NULL),(74,46,0,26,NULL),(74,47,0,26,NULL),(74,48,0,26,NULL),(74,54,0,28,'2023-01-07 19:04:10'),(74,55,0,28,NULL),(74,56,0,28,NULL),(74,57,0,28,NULL),(74,58,0,28,NULL);
/*!40000 ALTER TABLE `user-lectures` ENABLE KEYS */;
UNLOCK TABLES;

--
-- Table structure for table `users`
--

DROP TABLE IF EXISTS `users`;
/*!40101 SET @saved_cs_client     = @@character_set_client */;
/*!50503 SET character_set_client = utf8mb4 */;
CREATE TABLE `users` (
  `userID` int(11) NOT NULL AUTO_INCREMENT,
  `name` varchar(45) NOT NULL,
  `password` varchar(200) NOT NULL,
  `email` varchar(100) NOT NULL,
  `introduction` mediumtext,
  `balance` int(11) DEFAULT NULL,
  `role` varchar(45) DEFAULT NULL,
  `dob` varchar(45) DEFAULT NULL,
  `verifyEmail` tinyint(4) DEFAULT '0',
  PRIMARY KEY (`userID`)
) ENGINE=InnoDB AUTO_INCREMENT=84 DEFAULT CHARSET=utf8mb4;
/*!40101 SET character_set_client = @saved_cs_client */;

--
-- Dumping data for table `users`
--

LOCK TABLES `users` WRITE;
/*!40000 ALTER TABLE `users` DISABLE KEYS */;
INSERT INTO `users` VALUES (1,'Admin','$2a$10$WQUNjsmv27oXOZjumqw6ReNUP5U6qOxRs2Stqnu3PXu8YSNA/EQnK','admin@5horses.com',NULL,NULL,'ROLE.ADMIN','2022-12-21',1),(2,'Duong Duc Anh','$2a$10$l7YWsKV/cvpzFZJvT9mjOOzu8S4dtyYMMu6Q4LynWnpIK6omx6A26','duongducanh6101@gmail.com',NULL,NULL,'ROLE.TEACHER','2022-12-21',1),(3,'Truong Gia Huy','$2a$10$xfrHU0bHcW7rqPGdc9IiGeQx4Nnk8/Ko0Oco4kuq0LbFTg0lPgjN.','truonghuy@gmail.com',NULL,NULL,'ROLE.TEACHER','2022-12-21',1),(4,'Vu Nhat Khang','$2a$10$1aru/nUTalE6aPsA3XbSmuNadGsE6rcX6Q.JG2d81Q7iUMvyj5ppe','khang@gmail.com',NULL,NULL,'ROLE.TEACHER','2022-12-21',0),(5,'Huy','$2a$10$USATFmfzPfL.tPFWhdQjeufXejqieVjRi4vHm4t7dRmFzdys9tRjC','huy1@gmail.com',NULL,NULL,'ROLE.USER','2002-03-30',0),(6,'Eric ','$2a$10$xh8tlDl2HRa3d0qwpxcKqeyY5L1UUSUF/0b1ZIsvP6QK8ZKWshcZW','eric@gmail.com',NULL,NULL,'ROLE.USER','2007-11-06',0),(7,'Eric1','$2a$10$C7pk0R5HC4EVqGY8iNFlk.Y7i9dpPveq3WqHr6/y6ZY32ShBFzHHe','eric1@gmail.com',NULL,NULL,'ROLE.USER','2007-11-06',0),(8,'Eric2','$2a$10$C0/u.ieYid0kk9KtC50uFecmOr9P4EbteVT5jebu.fECk.o38DeAi','eric2@gmail.com',NULL,NULL,'ROLE.USER','2007-11-06',0),(9,'Messi','$2a$10$50v3mLv2WJFh2fJlUgI31eYGYCJ0.d.Lfm4tIMBWZQ4Z5zQ52dhgO','messi1@gmail.com',NULL,NULL,'ROLE.USER','2002-03-30',0),(10,'Huy Truong','$2a$10$kyZPweWu8jEr.tJps.JDseYwUHydXu1DWidA6Eiks66tA8Pa0zHUC','truonghuy1@gmail.com',NULL,NULL,'ROLE.USER','2002-03-30',0),(11,'Nivek','$2a$10$yg8Jg2CHdjKGpOWbNu4OCOv9wpfIt454v6CGYJlBJk9SH8O3Rod3u','nivek2@gmail.com',NULL,NULL,'ROLE.USER','2002-03-30',0),(12,'Angela Yu','$2a$10$xfrHU0bHcW7rqPGdc9IiGeQx4Nnk8/Ko0Oco4kuq0LbFTg0lPgjN.','angelayu@gmail.com',NULL,NULL,'ROLE.TEACHER',NULL,1),(14,'V Nht K','$2a$10$8g2Ww4vrxF3gm6JBfEn9..xgWWHA3khaEaPDZgKejoTaEDkWCI7si','nkhang1902@gmail.com',NULL,NULL,'ROLE.USER','2002-02-19',1),(24,'Nguyen Ngoc Anh Khoa','$2a$10$16Z5AInChQRFLAFpwTdFNOjt3f3GId2UPNQqllWRQKayOQ1EW25qy','anhkhoajjo@gmail.com',NULL,NULL,'ROLE.USER','2002-01-25',1),(34,'Ke Huy Diet','$2a$10$.HIKWPmaKHx62dxgz7iPUuNsXCNqo9JyvNUvOdnsUFW3o2hobDynu','kehuydiet@gmail.com',NULL,NULL,'ROLE.TEACHER','2002-05-11',1),(44,'Duong Duc Anh','$2a$10$wiz1UO.MKsGNoSiY1RtZ3.2D7m6JpjgL9Omlxkh1u/yZ90kqUE60q','hehe@gmail.com',NULL,NULL,'ROLE.USER','2002-12-11',0),(54,'Ch nga','$2a$10$Srm2q5H6n69R./pITLyzSeFbE/jJLmELhEmTudPhIAw4WWR/WDyga','khang1@gmail.com',NULL,NULL,'ROLE.USER','2002-02-19',1),(64,'K bt dung th','$2a$10$t5DWjv03O0W8WWgEPyz5X.q0rLz5bNYjz/zm/WXFMgsdLprtlo7K2','khang2@gmail.com',NULL,NULL,'ROLE.USER','2002-02-19',1),(74,'Vang Nh Kht','$2a$10$cpuxw/uYkx1YcWebWx5tPOvX5K7JL7eevINhLSIeSi6r2ONtNdysi','khang3@gmail.com',NULL,NULL,'ROLE.USER','2002-02-19',1);
/*!40000 ALTER TABLE `users` ENABLE KEYS */;
UNLOCK TABLES;

--
-- Table structure for table `wishlists`
--

DROP TABLE IF EXISTS `wishlists`;
/*!40101 SET @saved_cs_client     = @@character_set_client */;
/*!50503 SET character_set_client = utf8mb4 */;
CREATE TABLE `wishlists` (
  `userID` int(11) NOT NULL,
  `courseID` int(11) NOT NULL,
  PRIMARY KEY (`userID`,`courseID`)
) ENGINE=InnoDB DEFAULT CHARSET=utf8mb4;
/*!40101 SET character_set_client = @saved_cs_client */;

--
-- Dumping data for table `wishlists`
--

LOCK TABLES `wishlists` WRITE;
/*!40000 ALTER TABLE `wishlists` DISABLE KEYS */;
INSERT INTO `wishlists` VALUES (3,20),(12,19),(12,20);
/*!40000 ALTER TABLE `wishlists` ENABLE KEYS */;
UNLOCK TABLES;
/*!40103 SET TIME_ZONE=@OLD_TIME_ZONE */;

/*!40101 SET SQL_MODE=@OLD_SQL_MODE */;
/*!40014 SET FOREIGN_KEY_CHECKS=@OLD_FOREIGN_KEY_CHECKS */;
/*!40014 SET UNIQUE_CHECKS=@OLD_UNIQUE_CHECKS */;
/*!40101 SET CHARACTER_SET_CLIENT=@OLD_CHARACTER_SET_CLIENT */;
/*!40101 SET CHARACTER_SET_RESULTS=@OLD_CHARACTER_SET_RESULTS */;
/*!40101 SET COLLATION_CONNECTION=@OLD_COLLATION_CONNECTION */;
/*!40111 SET SQL_NOTES=@OLD_SQL_NOTES */;

-- Dump completed on 2023-01-11 18:08:05
